order 1 old,order 1 new,order 2 old,order 2 new,order 3 old,order 3 new,order 4 old,order 4 new
hey,hey,hey,hey,hey,hey,look,look
hey,hey,hey,hey,hey,hey,hey,hey
hey,look,look,look,look,look,hey,hey
look,look,look,look,hey,hey,hey,look
hey,hey,hey,hey,look,look,hey,hey
look,look,hey,hey,look,look,look,look
look,hey,look,look,look,hey,look,look
look,look,look,look,hey,look,look,hey
hey,hey,hey,hey,hey,hey,look,look
hey,hey,hey,hey,hey,hey,hey,hey
hey,look,look,look,look,look,hey,hey
look,look,look,look,hey,hey,hey,look
hey,hey,hey,hey,look,look,hey,hey
look,look,hey,hey,look,look,look,look
look,hey,look,look,look,hey,look,look
look,look,look,look,hey,look,look,hey
hey,hey,hey,hey,hey,hey,look,look
hey,hey,hey,hey,hey,hey,hey,hey
hey,look,look,look,look,look,hey,hey
look,look,look,look,hey,hey,hey,look
hey,hey,hey,hey,look,look,hey,hey
look,look,hey,hey,look,look,look,look
look,hey,look,look,look,hey,look,look
look,look,look,look,hey,look,look,hey
hey,hey,hey,hey,hey,hey,look,look
hey,hey,hey,hey,hey,hey,hey,hey
hey,look,look,look,look,look,hey,hey
look,look,look,look,hey,hey,hey,look
hey,hey,hey,hey,look,look,hey,hey
look,look,hey,hey,look,look,look,look
look,hey,look,look,look,hey,look,look
look,look,look,look,hey,look,look,hey