left_image,right_image,target_image,stimulus,center,stimulus_name,finished?,noun,noun_type,frequency,speaker,gaze,noise_condition,carrier,sentence_onset_sec,sentence_onset_frames,carrier_onset_sec,carrier_onset_frames,noun_onset_sec,noun_onset_frames,noun_offset_sec,noun_offset_frames,sentence_offset_sec,sentence_offset_frames,gaze_onset_sec,gaze_onset_frames,gaze_offset_sec,gaze_offset_frames,trial_onset,trial_offset_sec,trial_offset_frames,gaze_condition,condition_long
bunny,chicken,bunny,00300d53599dc2f3eb8ccddae3f2117b_1920x1080,face,ol_sa_bunny_noise_hey,yes,bunny,familiar,high,ol,straight_ahead,noise,hey,3,18,5,2,6,6,6,19,6,19,NA,NA,NA,NA,0,8,19,no_gaze,noise_no_gaze
bunny,chicken,bunny,01cc626f6c1203312412c16c61c0fdf3_1920x1080,face,gr_dl_bunny_nonoise_hey,yes,bunny,familiar,high,gr,down_left,no_noise,hey,3,16,5,0,6,6,6,16,6,16,6,25,9,9,0,11,9,gaze,no_noise_gaze
ball,shoe,shoe,033a58af47d6ec6d5f9f0447753fbc5a_1920x1080,face,ol_dr_shoe_noise_look,yes,shoe,familiar,high,ol,down_right,noise,look,3,14,5,0,5,19,6,12,6,12,6,13,8,15,0,10,15,gaze,noise_gaze
boat,juice,boat,051a1f6bdeaeb0cd959db3d8a6b52ca7_1920x1080,face,ol_dl_boat_nonoise_look,yes,boat,familiar,high,ol,down_left,no_noise,look,3,17,5,1,5,25,6,12,6,12,6,18,8,9,0,10,9,gaze,no_noise_gaze
boat,juice,boat,06448daf89dddc14990c5d2a87f5d271_1920x1080,face,ol_dl_boat_nonoise_hey,yes,boat,familiar,high,ol,down_left,no_noise,hey,3,12,4,21,5,25,6,9,6,9,6,14,8,11,0,10,11,gaze,no_noise_gaze
bottle,cookie,cookie,07b2c7bea422d53fd9be7d05b73472ad_1920x1080,face,gr_sa_cookie_nonoise_look,yes,cookie,familiar,high,gr,straight_ahead,no_noise,look,3,23,5,5,5,26,6,10,6,10,NA,NA,NA,NA,0,8,10,no_gaze,no_noise_no_gaze
ball,shoe,shoe,08baef39af5a04c574a73090d32aee78_1920x1080,face,gr_dr_shoe_nonoise_hey,yes,shoe,familiar,high,gr,down_right,no_noise,hey,2,29,5,1,6,0,6,19,6,19,6,28,8,24,0,10,24,gaze,no_noise_gaze
ball,shoe,ball,08dc77915012e0c61d761bbc90b75fd3_1920x1080,face,gr_sa_ball_nonoise_hey,yes,ball,familiar,high,gr,straight_ahead,no_noise,hey,3,8,4,20,5,24,6,8,6,8,NA,NA,NA,NA,0,8,8,no_gaze,no_noise_no_gaze
ball,shoe,shoe,09f40ecc8ccb93c365d34c4b3290da12_1920x1080,face,gr_dr_shoe_nonoise_hey,yes,shoe,familiar,high,gr,down_right,no_noise,hey,2,29,5,1,6,0,6,19,6,19,6,28,8,24,0,10,24,gaze,no_noise_gaze
chicken,bunny,chicken,0c4f9fdf8e98826d04e98e9e132f6cd3_1920x1080,face,ol_sa_chicken_nonoise_hey,yes,chicken,familiar,high,ol,straight_ahead,no_noise,hey,3,17,5,3,6,3,6,22,6,22,NA,NA,NA,NA,0,8,22,no_gaze,no_noise_no_gaze
chicken,bunny,bunny,0cac159eaf17332047a6bf8368b56ee2_1920x1080,face,gr_sa_bunny_noise_look,yes,bunny,familiar,high,gr,straight_ahead,noise,look,3,4,4,16,5,10,5,22,5,22,NA,NA,NA,NA,0,7,22,no_gaze,noise_no_gaze
shoe,ball,shoe,0e9e18b07ab292102f3d8d56d4a9f89c_1920x1080,face,gr_sa_shoe_nonoise_look,yes,shoe,familiar,high,gr,straight_ahead,no_noise,look,2,21,4,10,5,2,5,21,5,21,NA,NA,NA,NA,0,7,21,no_gaze,no_noise_no_gaze
ball,shoe,ball,10280d2f41f0018a098919e067a4ab5c_1920x1080,face,ol_sa_ball_noise_hey,yes,ball,familiar,high,ol,straight_ahead,noise,hey,2,25,4,0,5,3,5,19,5,19,NA,NA,NA,NA,0,7,20,no_gaze,noise_no_gaze
boat,juice,boat,10bed8d36aa55ca5e456e8002791129d_1920x1080,face,gr_dl_boat_noise_hey,yes,boat,familiar,high,gr,down_left,noise,hey,3,7,4,21,5,29,6,15,6,15,6,19,9,13,0,11,13,gaze,noise_gaze
chicken,bunny,bunny,121a205836163adbf9a72adae40ea858_1920x1080,face,gr_sa_bunny_nonoise_hey,yes,bunny,familiar,high,gr,straight_ahead,no_noise,hey,3,16,5,0,6,5,6,15,6,15,NA,NA,NA,NA,0,8,17,no_gaze,no_noise_no_gaze
bunny,chicken,chicken,1269411e7c8a2f1c8ee1ef8ac969275c_1920x1080,face,ol_dr_chicken_noise_hey,yes,chicken,familiar,high,ol,down_right,noise,hey,3,28,5,8,6,11,6,29,6,29,7,0,9,4,0,11,4,gaze,noise_gaze
juice,boat,juice,12c6b27647e09a6b2e3d9b11d94ced88_1920x1080,face,gr_sa_juice_nonoise_hey,yes,juice,familiar,high,gr,straight_ahead,no_noise,hey,3,3,4,23,5,26,6,18,6,18,NA,NA,NA,NA,0,8,17,no_gaze,no_noise_no_gaze
juice,boat,boat,130e07f0a0fc546b6dec98974f2d1b64_1920x1080,face,gr_dr_boat_nonoise_look,yes,boat,familiar,high,gr,down_right,no_noise,look,3,11,4,26,5,21,6,2,6,2,6,13,8,11,0,10,11,gaze,no_noise_gaze
juice,boat,juice,134b63f8cbf1ed57cc9c93973c0e4fab_1920x1080,face,ol_dl_juice_noise_hey,yes,juice,familiar,high,ol,down_left,noise,hey,3,18,4,27,5,29,6,21,6,21,6,29,8,22,0,10,22,gaze,noise_gaze
bottle,cookie,cookie,13c82ddffb79e8404d74858c3cd66235_1920x1080,face,gr_dr_cookie_noise_hey,yes,cookie,familiar,high,gr,down_right,noise,hey,3,15,4,29,6,7,6,21,6,21,6,29,9,3,0,11,3,gaze,noise_gaze
bottle,cookie,bottle,140961a740c24cfafd01e0588bab6a4b_1920x1080,face,gr_sa_bottle_nonoise_hey,yes,bottle,familiar,high,gr,straight_ahead,no_noise,hey,3,5,4,8,5,12,5,25,5,25,NA,NA,NA,NA,0,7,25,no_gaze,no_noise_no_gaze
bunny,chicken,bunny,1438c8d428a9892d8f66d4d4ce4b49fe_1920x1080,face,gr_sa_bunny_noise_hey,yes,bunny,familiar,high,gr,straight_ahead,noise,hey,3,16,5,0,6,5,6,15,6,15,NA,NA,NA,NA,0,8,17,no_gaze,noise_no_gaze
cookie,bottle,bottle,14a0d29ed554b90067aca9a6d5dc6373_1920x1080,face,gr_dr_bottle_nonoise_hey,yes,bottle,familiar,high,gr,down_right,no_noise,hey,3,18,5,2,6,10,6,22,6,22,7,6,9,11,0,11,11,gaze,no_noise_gaze
chicken,bunny,chicken,14d06217fb22ccb25d044749722adb60_1920x1080,face,ol_dl_chicken_noise_hey,yes,chicken,familiar,high,ol,down_left,noise,hey,3,28,5,8,6,11,6,29,6,29,7,0,9,4,0,11,4,gaze,noise_gaze
shoe,ball,shoe,155f94acebd4d45f84a99815b1c22084_1920x1080,face,gr_sa_shoe_noise_look,yes,shoe,familiar,high,gr,straight_ahead,noise,look,2,21,4,10,5,2,5,21,5,21,NA,NA,NA,NA,0,7,21,no_gaze,noise_no_gaze
bottle,cookie,cookie,15c9b20e8a151375df8c0c08d40d8cd2_1920x1080,face,gr_sa_cookie_nonoise_look,yes,cookie,familiar,high,gr,straight_ahead,no_noise,look,3,23,5,5,5,26,6,10,6,10,NA,NA,NA,NA,0,8,10,no_gaze,no_noise_no_gaze
juice,boat,juice,16981d603aaaa8d6e9d29e295f51adde_1920x1080,face,gr_dl_juice_noise_look,yes,juice,familiar,high,gr,down_left,noise,look,3,21,5,18,6,14,7,8,7,8,7,10,9,5,0,11,5,gaze,noise_gaze
bottle,cookie,bottle,199b1ffc55dbab1e5eeb9c185acc3169_1920x1080,face,ol_sa_bottle_noise_look,yes,bottle,familiar,high,ol,straight_ahead,noise,look,3,1,4,11,5,1,5,16,5,16,NA,NA,NA,NA,0,7,16,no_gaze,noise_no_gaze
chicken,bunny,bunny,1adfa1a5e703e7091bc62a08a1300970_1920x1080,face,gr_sa_bunny_noise_look,yes,bunny,familiar,high,gr,straight_ahead,noise,look,3,4,4,16,5,10,5,22,5,22,NA,NA,NA,NA,0,7,22,no_gaze,noise_no_gaze
shoe,ball,ball,1b21532cffe5131cc1a545c1efdbe5a9_1920x1080,face,ol_sa_ball_noise_look,yes,ball,familiar,high,ol,straight_ahead,noise,look,3,19,5,2,5,25,6,11,6,11,NA,NA,NA,NA,0,8,11,no_gaze,noise_no_gaze
boat,juice,juice,1c593f17b0fc172d7fa4c81633b989dd_1920x1080,face,gr_sa_juice_nonoise_look,yes,juice,familiar,high,gr,straight_ahead,no_noise,look,3,0,4,12,5,7,5,29,5,29,NA,NA,NA,NA,0,7,29,no_gaze,no_noise_no_gaze
ball,shoe,ball,1d39e656b1a769cf274e53a65cafa1e2_1920x1080,face,gr_dl_ball_noise_look,yes,ball,familiar,high,gr,down_left,noise,look,3,12,4,25,5,19,6,2,6,2,6,28,8,26,0,10,26,gaze,noise_gaze
ball,shoe,shoe,1dfc9475cd535288a4d4b19f1062c34c_1920x1080,face,gr_dr_shoe_noise_look,yes,shoe,familiar,high,gr,down_right,noise,look,3,2,4,19,5,13,6,1,6,1,6,14,8,16,0,10,16,gaze,noise_gaze
chicken,bunny,bunny,1e6a69fa54b3a8587550569a2e824ed7_1920x1080,face,ol_dr_bunny_nonoise_look,yes,bunny,familiar,high,ol,down_right,no_noise,look,3,27,5,8,6,3,6,19,6,19,6,25,8,27,0,10,27,gaze,no_noise_gaze
ball,shoe,shoe,1ee3b07aaf45cd9aacdbaed130da5e2a_1920x1080,face,ol_sa_shoe_noise_look,yes,shoe,familiar,high,ol,straight_ahead,noise,look,2,29,4,13,5,3,5,21,5,21,NA,NA,NA,NA,0,7,21,no_gaze,noise_no_gaze
cookie,bottle,cookie,1f331b7160318e86040c02ed7d8ba8f7_1920x1080,face,gr_dl_cookie_nonoise_hey,yes,cookie,familiar,high,gr,down_left,no_noise,hey,3,16,5,0,6,8,6,22,6,22,7,0,9,4,0,11,4,gaze,no_noise_gaze
shoe,ball,ball,1fdecf1fcd0962a4765cb98981f3a756_1920x1080,face,gr_dr_ball_noise_hey,yes,ball,familiar,high,gr,down_right,noise,hey,2,29,4,22,5,26,6,10,6,10,6,22,8,22,0,10,22,gaze,noise_gaze
boat,juice,boat,21303d31a2d52d9e0488c38b00c65b42_1920x1080,face,gr_sa_boat_noise_look,yes,boat,familiar,high,gr,straight_ahead,noise,look,3,0,4,14,5,8,5,18,5,18,NA,NA,NA,NA,0,7,18,no_gaze,noise_no_gaze
chicken,bunny,chicken,22a49c98bb0a99e82034ab13906c07ec_1920x1080,face,gr_dl_chicken_noise_hey,yes,chicken,familiar,high,gr,down_left,noise,hey,3,12,4,20,5,25,6,11,6,11,6,27,8,15,0,10,15,gaze,noise_gaze
bunny,chicken,chicken,22c746fb120229315339f764c7fb7d82_1920x1080,face,ol_sa_chicken_nonoise_look,yes,chicken,familiar,high,ol,straight_ahead,no_noise,look,3,9,4,23,5,15,6,4,6,4,NA,NA,NA,NA,0,8,4,no_gaze,no_noise_no_gaze
juice,boat,boat,234bc1d2da46f2b008da76a936ce48c6_1920x1080,face,gr_dr_boat_noise_hey,yes,boat,familiar,high,gr,down_right,noise,hey,3,6,4,20,5,28,6,14,6,14,6,18,9,12,0,11,12,gaze,noise_gaze
shoe,ball,ball,24afc067a041a04acd99746ff3d59ac9_1920x1080,face,gr_sa_ball_noise_hey,yes,ball,familiar,high,gr,straight_ahead,noise,hey,3,8,4,20,5,24,6,8,6,8,NA,NA,NA,NA,0,8,8,no_gaze,noise_no_gaze
bunny,chicken,chicken,24e5eb77c015e870e23df799b4d3eb38_1920x1080,face,ol_sa_chicken_noise_hey,yes,chicken,familiar,high,ol,straight_ahead,noise,hey,4,4,5,21,6,21,7,8,7,8,NA,NA,NA,NA,0,9,8,no_gaze,noise_no_gaze
chicken,bunny,bunny,25899e028dd4dcd573f73a9dba8098e4_1920x1080,face,gr_dr_bunny_noise_look,yes,bunny,familiar,high,gr,down_right,noise,look,3,17,5,12,6,5,6,17,6,17,7,2,8,24,0,10,24,gaze,noise_gaze
NA,NA,NA,2590b5785e96dae4ce8f196e82e1fb93_1920x1080,face,NA,NA,NA,NA,NA,NA,NA,NA,NA,NA,NA,NA,NA,NA,NA,NA,NA,NA,NA,NA,NA,NA,NA,NA,NA,NA,NA,NA_NA
bottle,cookie,bottle,2591cca18499eda79b653b72a5363f83_1920x1080,face,gr_sa_bottle_nonoise_look,yes,bottle,familiar,high,gr,straight_ahead,no_noise,look,3,7,4,23,5,15,5,28,5,28,NA,NA,NA,NA,0,7,28,no_gaze,no_noise_no_gaze
bunny,chicken,chicken,26a9dd3eb297d162b71dfa40dc7e518e_1920x1080,face,gr_dr_chicken_nonoise_hey,yes,chicken,familiar,high,gr,down_right,no_noise,hey,3,10,4,18,5,23,6,9,6,9,6,25,8,13,0,10,13,gaze,no_noise_gaze
bottle,cookie,cookie,26c0609b4d5313d58918837746e08cdb_1920x1080,face,ol_sa_cookie_noise_hey,yes,cookie,familiar,high,ol,straight_ahead,noise,hey,3,16,4,28,5,29,6,13,6,13,NA,NA,NA,NA,0,8,14,no_gaze,noise_no_gaze
juice,boat,boat,271795162945c8908901eeccd64f772c_1920x1080,face,ol_dr_boat_nonoise_hey,yes,boat,familiar,high,ol,down_right,no_noise,hey,3,12,4,21,5,25,6,9,6,9,6,14,8,11,0,10,11,gaze,no_noise_gaze
chicken,bunny,chicken,27263e6faecea40cc10c2097ba13fe6b_1920x1080,face,ol_dl_chicken_nonoise_look,yes,chicken,familiar,high,ol,down_left,no_noise,look,3,11,5,3,5,26,6,17,6,17,6,23,8,21,0,10,21,gaze,no_noise_gaze
shoe,ball,ball,275c2ce5dfd9078f47fd2470673e3b05_1920x1080,face,ol_dr_ball_noise_look,yes,ball,familiar,high,ol,down_right,noise,look,3,18,5,3,5,26,6,14,6,14,6,19,8,13,0,10,13,gaze,noise_gaze
chicken,bunny,bunny,27939ec3c8525ccab674358be2d8e854_1920x1080,face,ol_dr_bunny_nonoise_look,yes,bunny,familiar,high,ol,down_right,no_noise,look,3,27,5,8,6,3,6,19,6,19,6,25,8,27,0,10,27,gaze,no_noise_gaze
bunny,chicken,bunny,2839e4c13bc16f6a44cda6f6b084d543_1920x1080,face,ol_dl_bunny_nonoise_look,yes,bunny,familiar,high,ol,down_left,no_noise,look,3,27,5,8,6,3,6,19,6,19,6,25,8,27,0,10,27,gaze,no_noise_gaze
bottle,cookie,cookie,2865e7da83dde0feca796488473a7a70_1920x1080,face,ol_dr_cookie_noise_look,yes,cookie,familiar,high,ol,down_right,noise,look,3,0,4,19,5,9,5,25,5,25,6,4,7,29,0,9,29,gaze,noise_gaze
juice,boat,juice,28c8de171b0a2a6546759c48ccfc893f_1920x1080,face,gr_dl_juice_nonoise_hey,yes,juice,familiar,high,gr,down_left,no_noise,hey,3,1,4,23,5,24,6,17,6,17,6,26,8,28,0,10,28,gaze,no_noise_gaze
ball,shoe,shoe,29c9d5344754c1fef455ea86dadb78f7_1920x1080,face,ol_sa_shoe_nonoise_look,yes,shoe,familiar,high,ol,straight_ahead,no_noise,look,2,29,4,13,5,3,5,24,5,24,NA,NA,NA,NA,0,7,24,no_gaze,no_noise_no_gaze
bottle,cookie,cookie,29fcec83a0ae787b75edec307cb37feb_1920x1080,face,ol_sa_cookie_nonoise_hey,yes,cookie,familiar,high,ol,straight_ahead,no_noise,hey,3,16,4,28,5,29,6,13,6,13,NA,NA,NA,NA,0,8,14,no_gaze,no_noise_no_gaze
cookie,bottle,bottle,2a6b3d7ab2f6887f2fc2dae910683706_1920x1080,face,ol_dr_bottle_nonoise_hey,yes,bottle,familiar,high,ol,down_right,no_noise,hey,3,7,4,21,5,26,6,12,6,12,6,22,8,15,0,10,15,gaze,no_noise_gaze
juice,boat,juice,2a6e10ca205d7a0050b736155902664d_1920x1080,face,ol_dl_juice_noise_hey,yes,juice,familiar,high,ol,down_left,noise,hey,3,18,4,27,5,29,6,21,6,21,6,29,8,22,0,10,22,gaze,noise_gaze
chicken,bunny,bunny,2cc44d8d0bf80c46e69cd0f05447aa89_1920x1080,face,ol_sa_bunny_noise_look,yes,bunny,familiar,high,ol,straight_ahead,noise,look,3,10,4,22,5,12,5,26,5,26,NA,NA,NA,NA,0,7,26,no_gaze,noise_no_gaze
bunny,chicken,chicken,30aff702c68cc329913c1cb20c98638c_1920x1080,face,ol_dr_chicken_nonoise_look,yes,chicken,familiar,high,ol,down_right,no_noise,look,3,11,5,3,5,26,6,17,6,17,6,23,8,21,0,10,21,gaze,no_noise_gaze
NA,NA,NA,30b6dda1d0e6473690bfcdcb265f316f_1920x1080,face,NA,NA,NA,NA,NA,NA,NA,NA,NA,NA,NA,NA,NA,NA,NA,NA,NA,NA,NA,NA,NA,NA,NA,NA,NA,NA,NA,NA_NA
juice,boat,boat,3170b79f2fc1542f9f5ecbcd508c76f3_1920x1080,face,ol_dr_boat_nonoise_look,yes,boat,familiar,high,ol,down_right,no_noise,look,3,13,4,27,5,21,6,8,6,8,6,14,8,5,0,10,5,gaze,no_noise_gaze
ball,shoe,ball,31bc6832a08dd8c9d0be0d7b694f1811_1920x1080,face,gr_sa_ball_noise_look,yes,ball,familiar,high,gr,straight_ahead,noise,look,3,1,4,21,5,12,5,24,5,24,NA,NA,NA,NA,0,7,25,no_gaze,noise_no_gaze
boat,juice,juice,31dd695de8fee344bbfee52f7d3adffd_1920x1080,face,gr_dr_juice_nonoise_look,yes,juice,familiar,high,gr,down_right,no_noise,look,3,19,5,16,6,12,7,6,7,6,7,8,9,3,0,11,3,gaze,no_noise_gaze
juice,boat,boat,32deb32ede436880dce5b6888a7ab0d6_1920x1080,face,ol_dr_boat_noise_look,yes,boat,familiar,high,ol,down_right,noise,look,3,17,5,1,5,25,6,12,6,12,6,18,8,9,0,10,9,gaze,noise_gaze
chicken,bunny,chicken,340a9eab0fefe653be073b6726ba463e_1920x1080,face,gr_dl_chicken_noise_hey,yes,chicken,familiar,high,gr,down_left,noise,hey,3,12,4,20,5,25,6,11,6,11,6,27,8,15,0,10,15,gaze,noise_gaze
bunny,chicken,bunny,36d5d9fc19c0eb9387c98af445981109_1920x1080,face,ol_dl_bunny_nonoise_look,yes,bunny,familiar,high,ol,down_left,no_noise,look,3,27,5,8,6,3,6,19,6,19,6,25,8,27,0,10,27,gaze,no_noise_gaze
boat,juice,boat,390db5fec7af5ecde254295fb86f2c18_1920x1080,face,gr_sa_boat_nonoise_look,yes,boat,familiar,high,gr,straight_ahead,no_noise,look,3,0,4,14,5,8,5,18,5,18,NA,NA,NA,NA,0,7,18,no_gaze,no_noise_no_gaze
ball,shoe,shoe,39ee0ee3fe6a792625525cc0d3dba57f_1920x1080,face,ol_dr_shoe_noise_look,yes,shoe,familiar,high,ol,down_right,noise,look,3,14,5,0,5,19,6,12,6,12,6,13,8,15,0,10,15,gaze,noise_gaze
cookie,bottle,bottle,3a5e1f96dd4bb967cd2e80a1313e0fe6_1920x1080,face,gr_dr_bottle_noise_hey,yes,bottle,familiar,high,gr,down_right,noise,hey,3,18,5,2,6,10,6,22,6,22,7,6,9,11,0,11,11,gaze,noise_gaze
bunny,chicken,chicken,3a8b329094283492f3ff9c6b76258b5e_1920x1080,face,gr_sa_chicken_nonoise_look,yes,chicken,familiar,high,gr,straight_ahead,no_noise,look,3,12,4,25,5,16,6,0,6,0,NA,NA,NA,NA,0,8,0,no_gaze,no_noise_no_gaze
bunny,chicken,chicken,3aec24e8399e799ab71e5209f64c74d4_1920x1080,face,gr_dr_chicken_noise_hey,yes,chicken,familiar,high,gr,down_right,noise,hey,3,10,4,18,5,23,6,9,6,9,6,25,8,13,0,10,13,gaze,noise_gaze
bottle,cookie,bottle,3c66cba168ce1d34d10d0a50519f4c92_1920x1080,face,ol_dl_bottle_noise_look,yes,bottle,familiar,high,ol,down_left,noise,look,3,8,4,22,5,14,6,2,6,2,6,7,8,6,0,10,6,gaze,noise_gaze
shoe,ball,shoe,3e3e7bd21bd48dccfbfaa6c58514d0a7_1920x1080,face,ol_dl_shoe_noise_look,yes,shoe,familiar,high,ol,down_left,noise,look,3,14,5,0,5,19,6,12,6,12,6,13,8,15,0,10,15,gaze,noise_gaze
cookie,bottle,bottle,3f270e9889bad1f1bc41b9026c599e1b_1920x1080,face,gr_dr_bottle_noise_look,yes,bottle,familiar,high,gr,down_right,noise,look,3,12,4,29,5,25,6,9,6,9,6,13,8,8,0,10,8,gaze,noise_gaze
NA,NA,NA,40d0100815770cdfc138dc094d0f6e50_1920x1080,face,NA,NA,NA,NA,NA,NA,NA,NA,NA,NA,NA,NA,NA,NA,NA,NA,NA,NA,NA,NA,NA,NA,NA,NA,NA,NA,NA,NA_NA
boat,juice,juice,419a4717424ae624a1d278b155ab7def_1920x1080,face,gr_dr_juice_noise_look,yes,juice,familiar,high,gr,down_right,noise,look,3,19,5,16,6,12,7,6,7,6,7,8,9,3,0,11,3,gaze,noise_gaze
boat,juice,boat,4252426d5eee0b0072870a06737f0222_1920x1080,face,ol_sa_boat_noise_hey,yes,boat,familiar,high,ol,straight_ahead,noise,hey,3,4,4,17,5,20,6,5,6,5,NA,NA,NA,NA,0,8,5,no_gaze,noise_no_gaze
chicken,bunny,chicken,427a54dfc721c36da63b15bb86729988_1920x1080,face,ol_sa_chicken_nonoise_look,yes,chicken,familiar,high,ol,straight_ahead,no_noise,look,3,9,4,23,5,15,6,4,6,4,NA,NA,NA,NA,0,8,4,no_gaze,no_noise_no_gaze
NA,NA,NA,4337eacb25c57e93db4b9168b10de6c4_1920x1080,face,NA,NA,NA,NA,NA,NA,NA,NA,NA,NA,NA,NA,NA,NA,NA,NA,NA,NA,NA,NA,NA,NA,NA,NA,NA,NA,NA,NA_NA
chicken,bunny,chicken,44bcf3a7f552d850be2b6c1453f53a09_1920x1080,face,ol_dl_chicken_noise_look,yes,chicken,familiar,high,ol,down_left,noise,look,3,11,5,3,5,26,6,17,6,17,6,23,8,21,0,10,21,gaze,noise_gaze
cookie,bottle,bottle,44ff0768d7e303a50ad1419e3592169a_1920x1080,face,ol_sa_bottle_nonoise_hey,yes,bottle,familiar,high,ol,straight_ahead,no_noise,hey,3,22,5,2,6,6,6,20,6,20,NA,NA,NA,NA,0,8,20,no_gaze,no_noise_no_gaze
cookie,bottle,bottle,454ce3af6535b8bbb81457688bff92cf_1920x1080,face,gr_sa_bottle_nonoise_hey,yes,bottle,familiar,high,gr,straight_ahead,no_noise,hey,3,5,4,8,5,12,5,25,5,25,NA,NA,NA,NA,0,7,25,no_gaze,no_noise_no_gaze
bottle,cookie,cookie,459a7a6956defdb883f40b8b7b9ae1fe_1920x1080,face,ol_dr_cookie_nonoise_hey,yes,cookie,familiar,high,ol,down_right,no_noise,hey,3,22,5,7,6,8,6,26,6,26,7,6,9,3,0,11,3,gaze,no_noise_gaze
bunny,chicken,bunny,46cd483aa429670837aabf393bdc5676_1920x1080,face,ol_sa_bunny_nonoise_hey,yes,bunny,familiar,high,ol,straight_ahead,no_noise,hey,3,18,5,2,6,6,6,19,6,19,NA,NA,NA,NA,0,8,19,no_gaze,no_noise_no_gaze
boat,juice,juice,47de2ed516fe4d73e335d9d0c485dc7e_1920x1080,face,gr_dr_juice_nonoise_hey,yes,juice,familiar,high,gr,down_right,no_noise,hey,3,1,4,23,5,24,6,17,6,17,6,26,8,28,0,10,28,gaze,no_noise_gaze
bunny,chicken,chicken,48d7b7be8f852d96dcc10964cbcbafc8_1920x1080,face,gr_dr_chicken_nonoise_look,yes,chicken,familiar,high,gr,down_right,no_noise,look,3,12,4,28,5,19,6,4,6,4,6,19,8,16,0,10,16,gaze,no_noise_gaze
boat,juice,juice,4a63484a7ed0c78961607f822f6f290a_1920x1080,face,ol_dr_juice_noise_look,yes,juice,familiar,high,ol,down_right,noise,look,3,17,4,28,5,22,6,14,6,14,6,13,8,11,0,10,11,gaze,noise_gaze
ball,shoe,ball,4af4b6a00b5cce90c333eecbd6f1c1a4_1920x1080,face,ol_sa_ball_nonoise_look,yes,ball,familiar,high,ol,straight_ahead,no_noise,look,3,19,5,2,5,25,6,11,6,11,NA,NA,NA,NA,0,8,11,no_gaze,no_noise_no_gaze
ball,shoe,shoe,4bfb0f900571370ba3d8f676b86bc573_1920x1080,face,ol_sa_shoe_noise_look,yes,shoe,familiar,high,ol,straight_ahead,noise,look,2,29,4,13,5,3,5,21,5,21,NA,NA,NA,NA,0,7,21,no_gaze,noise_no_gaze
bottle,cookie,cookie,4c0ecdf54b21a906d51c691070bbd8da_1920x1080,face,gr_sa_cookie_noise_hey,yes,cookie,familiar,high,gr,straight_ahead,noise,hey,3,5,4,14,5,15,5,29,5,29,NA,NA,NA,NA,0,7,29,no_gaze,noise_no_gaze
cookie,bottle,cookie,4eb33cae877793114e4dde83045a1b47_1920x1080,face,gr_sa_cookie_noise_hey,yes,cookie,familiar,high,gr,straight_ahead,noise,hey,3,5,4,14,5,15,5,29,5,29,NA,NA,NA,NA,0,7,29,no_gaze,noise_no_gaze
boat,juice,boat,4f56d0c62b8d8e52b61f2cf8a838bc52_1920x1080,face,gr_dl_boat_noise_look,yes,boat,familiar,high,gr,down_left,noise,look,3,12,4,27,5,22,6,3,6,3,6,14,8,12,0,10,12,gaze,noise_gaze
bottle,cookie,bottle,4fc4676f7adb7683f71e998ab540aaf6_1920x1080,face,ol_dl_bottle_nonoise_hey,yes,bottle,familiar,high,ol,down_left,no_noise,hey,3,7,4,21,5,26,6,12,6,12,6,22,8,15,0,10,15,gaze,no_noise_gaze
juice,boat,boat,52d052a22be0fbedebcf5e29819c2886_1920x1080,face,gr_sa_boat_nonoise_hey,yes,boat,familiar,high,gr,straight_ahead,no_noise,hey,2,26,4,8,5,16,6,1,6,1,NA,NA,NA,NA,0,8,1,no_gaze,no_noise_no_gaze
shoe,ball,ball,52de5149b072f6511f21aca69c8c13b2_1920x1080,face,ol_dr_ball_nonoise_hey,yes,ball,familiar,high,ol,down_right,no_noise,hey,3,5,4,15,5,17,6,5,6,5,6,16,8,12,0,10,12,gaze,no_noise_gaze
chicken,bunny,chicken,537e64f9eca71870fd352afef4cef132_1920x1080,face,ol_sa_chicken_nonoise_hey,yes,chicken,familiar,high,ol,straight_ahead,no_noise,hey,3,17,5,3,6,3,6,22,6,22,NA,NA,NA,NA,0,8,22,no_gaze,no_noise_no_gaze
cookie,bottle,bottle,53843831cda396d10f741b0a3125f408_1920x1080,face,gr_dr_bottle_nonoise_hey,yes,bottle,familiar,high,gr,down_right,no_noise,hey,3,18,5,2,6,10,6,22,6,22,7,6,9,11,0,11,11,gaze,no_noise_gaze
ball,shoe,shoe,54932dd06131ebe80c9797a01a6521da_1920x1080,face,gr_sa_shoe_nonoise_look,yes,shoe,familiar,high,gr,straight_ahead,no_noise,look,2,21,4,10,5,2,5,21,5,21,NA,NA,NA,NA,0,7,21,no_gaze,no_noise_no_gaze
chicken,bunny,bunny,54f02a2ee64195c4df03677780b984b3_1920x1080,face,ol_sa_bunny_noise_hey,yes,bunny,familiar,high,ol,straight_ahead,noise,hey,3,18,5,2,6,6,6,19,6,19,NA,NA,NA,NA,0,8,19,no_gaze,noise_no_gaze
cookie,bottle,cookie,551ccb52779e8432a0e02713712796fc_1920x1080,face,ol_dl_cookie_nonoise_hey,yes,cookie,familiar,high,ol,down_left,no_noise,hey,3,22,5,7,6,8,6,26,6,26,7,6,9,3,0,11,3,gaze,no_noise_gaze
bunny,chicken,chicken,5647dbce1c10a322d1ab8713d3bd6f82_1920x1080,face,ol_sa_chicken_nonoise_look,yes,chicken,familiar,high,ol,straight_ahead,no_noise,look,3,9,4,23,5,15,6,4,6,4,NA,NA,NA,NA,0,8,4,no_gaze,no_noise_no_gaze
bottle,cookie,cookie,56b0fe81cc551df2203aa818fd642784_1920x1080,face,ol_dr_cookie_nonoise_hey,yes,cookie,familiar,high,ol,down_right,no_noise,hey,3,22,5,7,6,8,6,26,6,26,7,6,9,3,0,11,3,gaze,no_noise_gaze
cookie,bottle,cookie,57eb091601651ae03e2d81316b4be095_1920x1080,face,ol_dl_cookie_nonoise_hey,yes,cookie,familiar,high,ol,down_left,no_noise,hey,3,22,5,7,6,8,6,26,6,26,7,6,9,3,0,11,3,gaze,no_noise_gaze
boat,juice,boat,580faffd8c75d9a29c5669a6a78adcd1_1920x1080,face,ol_sa_boat_noise_look,yes,boat,familiar,high,ol,straight_ahead,noise,look,3,15,5,0,5,22,6,9,6,9,NA,NA,NA,NA,0,8,9,no_gaze,noise_no_gaze
bunny,chicken,bunny,581c61a1e7b3a7cf0f4c7b1c5227e280_1920x1080,face,gr_dl_bunny_noise_hey,yes,bunny,familiar,high,gr,down_left,noise,hey,3,16,5,0,6,6,6,16,6,16,6,25,9,9,0,11,9,gaze,noise_gaze
ball,shoe,ball,58c66a87332345c7c80bf39647f66a65_1920x1080,face,gr_sa_ball_nonoise_hey,yes,ball,familiar,high,gr,straight_ahead,no_noise,hey,3,8,4,20,5,24,6,8,6,8,NA,NA,NA,NA,0,8,8,no_gaze,no_noise_no_gaze
ball,shoe,shoe,58d7456cc2e45174b7ac9b3e4e0406dd_1920x1080,face,ol_sa_shoe_nonoise_look,yes,shoe,familiar,high,ol,straight_ahead,no_noise,look,2,29,4,13,5,3,5,24,5,24,NA,NA,NA,NA,0,7,24,no_gaze,no_noise_no_gaze
cookie,bottle,bottle,594b02e13d150a54bd9cdc0eccb478b6_1920x1080,face,ol_sa_bottle_nonoise_look,yes,bottle,familiar,high,ol,straight_ahead,no_noise,look,3,1,4,11,5,1,5,16,5,16,NA,NA,NA,NA,0,7,16,no_gaze,no_noise_no_gaze
chicken,bunny,chicken,59cfed8fb054f0e5ef33cb6d98cd00ba_1920x1080,face,ol_dl_chicken_nonoise_hey,yes,chicken,familiar,high,ol,down_left,no_noise,hey,3,28,5,8,6,11,6,29,6,29,7,0,9,4,0,11,4,gaze,no_noise_gaze
cookie,bottle,bottle,5a4055d98c5d21253d7c46ac175e53a5_1920x1080,face,ol_dr_bottle_nonoise_look,yes,bottle,familiar,high,ol,down_right,no_noise,look,3,4,4,18,5,10,5,28,5,28,6,3,8,2,0,10,2,gaze,no_noise_gaze
juice,boat,boat,5b917a70f33e1bc838dfbd79839979b3_1920x1080,face,gr_dr_boat_noise_hey,yes,boat,familiar,high,gr,down_right,noise,hey,3,6,4,20,5,28,6,14,6,14,6,18,9,12,0,11,12,gaze,noise_gaze
NA,NA,NA,5e4f06a7769042d0b320ba9269ce65f2_1920x1080,face,NA,NA,NA,NA,NA,NA,NA,NA,NA,NA,NA,NA,NA,NA,NA,NA,NA,NA,NA,NA,NA,NA,NA,NA,NA,NA,NA,NA_NA
juice,boat,juice,5f03c724b71f55de72e1851f175029fb_1920x1080,face,ol_dl_juice_nonoise_hey,yes,juice,familiar,high,ol,down_left,no_noise,hey,3,18,4,27,5,29,6,21,6,21,6,29,8,22,0,10,22,gaze,no_noise_gaze
bottle,cookie,cookie,5f23659975b19c0f57f9de0257ab13f4_1920x1080,face,gr_dr_cookie_noise_look,yes,cookie,familiar,high,gr,down_right,noise,look,3,18,5,6,5,27,6,12,6,12,6,26,8,15,0,10,15,gaze,noise_gaze
bottle,cookie,bottle,5f6ca5da8d5657ff009669deb2d13a46_1920x1080,face,gr_sa_bottle_noise_hey,yes,bottle,familiar,high,gr,straight_ahead,noise,hey,3,5,4,8,5,12,5,25,5,25,NA,NA,NA,NA,0,7,25,no_gaze,noise_no_gaze
bottle,cookie,cookie,609b3090ac5b9d193c2641dbccd6a71a_1920x1080,face,ol_sa_cookie_noise_look,yes,cookie,familiar,high,ol,straight_ahead,noise,look,3,1,4,15,5,5,5,20,5,20,NA,NA,NA,NA,0,7,20,no_gaze,noise_no_gaze
bottle,cookie,bottle,60c4bbdf9af0f52dba18ec18e115b5b8_1920x1080,face,gr_sa_bottle_noise_hey,yes,bottle,familiar,high,gr,straight_ahead,noise,hey,3,5,4,8,5,12,5,25,5,25,NA,NA,NA,NA,0,7,25,no_gaze,noise_no_gaze
bunny,chicken,bunny,60c9a2e51403d0524142e5f34a3e1cf5_1920x1080,face,gr_sa_bunny_nonoise_look,yes,bunny,familiar,high,gr,straight_ahead,no_noise,look,3,4,4,16,5,10,5,22,5,22,NA,NA,NA,NA,0,7,22,no_gaze,no_noise_no_gaze
shoe,ball,ball,63cd2b45a0ce99e919ccbc96d3c93a5b_1920x1080,face,gr_dr_ball_nonoise_look,yes,ball,familiar,high,gr,down_right,no_noise,look,3,11,4,24,5,18,6,1,6,1,6,27,8,25,0,10,25,gaze,no_noise_gaze
ball,shoe,shoe,642160d7a7cac023a7b4d11ca7404d19_1920x1080,face,gr_dr_shoe_noise_hey,yes,shoe,familiar,high,gr,down_right,noise,hey,2,29,5,1,6,0,6,19,6,19,6,28,8,24,0,10,24,gaze,noise_gaze
shoe,ball,ball,6636af49fad6f9cb8e90db6bcd9abc83_1920x1080,face,ol_sa_ball_nonoise_look,yes,ball,familiar,high,ol,straight_ahead,no_noise,look,3,19,5,2,5,25,6,11,6,11,NA,NA,NA,NA,0,8,11,no_gaze,no_noise_no_gaze
juice,boat,juice,66f243fae9440b84c611e9375a14ee22_1920x1080,face,ol_sa_juice_nonoise_look,yes,juice,familiar,high,ol,straight_ahead,no_noise,look,2,29,4,16,5,8,5,27,5,27,NA,NA,NA,NA,0,7,27,no_gaze,no_noise_no_gaze
boat,juice,juice,6749ad230f9aba6a9d45aaaa96070ba5_1920x1080,face,gr_dr_juice_noise_hey,yes,juice,familiar,high,gr,down_right,noise,hey,3,1,4,23,5,24,6,17,6,17,6,26,8,28,0,10,28,gaze,noise_gaze
shoe,ball,ball,67e0553f1939ecc81689e839d60a2dc6_1920x1080,face,ol_dr_ball_noise_hey,yes,ball,familiar,high,ol,down_right,noise,hey,3,5,4,15,5,17,6,5,6,5,6,16,8,12,0,10,12,gaze,noise_gaze
bunny,chicken,chicken,681d8a84cda86145ceea4b6b3f37d2b5_1920x1080,face,gr_sa_chicken_nonoise_look,yes,chicken,familiar,high,gr,straight_ahead,no_noise,look,3,12,4,25,5,16,6,0,6,0,NA,NA,NA,NA,0,8,0,no_gaze,no_noise_no_gaze
juice,boat,boat,69f57b6cf4a8b66a1a95ffc567d0d1a8_1920x1080,face,ol_sa_boat_noise_hey,yes,boat,familiar,high,ol,straight_ahead,noise,hey,3,4,4,17,5,20,6,5,6,5,NA,NA,NA,NA,0,8,5,no_gaze,noise_no_gaze
bottle,cookie,bottle,6a32d5775b674954fbd83b1d778543d2_1920x1080,face,ol_dl_bottle_nonoise_look,yes,bottle,familiar,high,ol,down_left,no_noise,look,3,8,4,22,5,14,6,2,6,2,6,7,8,6,0,10,6,gaze,no_noise_gaze
bunny,chicken,chicken,6b038419e0850682f0f78e577f4d93c8_1920x1080,face,gr_sa_chicken_noise_hey,yes,chicken,familiar,high,gr,straight_ahead,noise,hey,3,3,4,8,5,13,5,28,5,28,NA,NA,NA,NA,0,7,28,no_gaze,noise_no_gaze
ball,shoe,ball,6b89d1cdf480f15e2c30449dad6af223_1920x1080,face,gr_sa_ball_nonoise_hey,yes,ball,familiar,high,gr,straight_ahead,no_noise,hey,3,8,4,20,5,24,6,8,6,8,NA,NA,NA,NA,0,8,8,no_gaze,no_noise_no_gaze
bunny,chicken,bunny,6b9e357eb9a2576bb76ea2096b522c0b_1920x1080,face,gr_dl_bunny_noise_look,yes,bunny,familiar,high,gr,down_left,noise,look,3,18,5,13,6,6,6,18,6,18,7,3,8,26,0,10,26,gaze,noise_gaze
chicken,bunny,chicken,6bfedb68a0cf28bddf209d82cd6f1b12_1920x1080,face,ol_sa_chicken_nonoise_hey,yes,chicken,familiar,high,ol,straight_ahead,no_noise,hey,3,17,5,3,6,3,6,22,6,22,NA,NA,NA,NA,0,8,22,no_gaze,no_noise_no_gaze
bunny,chicken,chicken,6c7efc2eef8071b5c940e33f12c2ee0d_1920x1080,face,gr_dr_chicken_noise_look,yes,chicken,familiar,high,gr,down_right,noise,look,3,12,4,28,5,19,6,4,6,4,6,19,8,16,0,10,16,gaze,noise_gaze
cookie,bottle,cookie,6cadbb2da99702d7de42e9b96405696e_1920x1080,face,ol_sa_cookie_nonoise_hey,yes,cookie,familiar,high,ol,straight_ahead,no_noise,hey,3,16,4,28,5,29,6,13,6,13,NA,NA,NA,NA,0,8,14,no_gaze,no_noise_no_gaze
juice,boat,boat,6cd500d1fdeb41577127f6e563a510f7_1920x1080,face,ol_dr_boat_nonoise_look,yes,boat,familiar,high,ol,down_right,no_noise,look,3,13,4,27,5,21,6,8,6,8,6,14,8,5,0,10,5,gaze,no_noise_gaze
chicken,bunny,chicken,6db3897e5f25fc4a7e9cad296d3cfb9b_1920x1080,face,gr_sa_chicken_nonoise_hey,yes,chicken,familiar,high,gr,straight_ahead,no_noise,hey,3,3,4,8,5,13,5,28,5,28,NA,NA,NA,NA,0,7,28,no_gaze,no_noise_no_gaze
shoe,ball,shoe,6dcb77aa343ef6e8d280d1fcb85b4b0f_1920x1080,face,ol_dl_shoe_nonoise_look,yes,shoe,familiar,high,ol,down_left,no_noise,look,3,14,5,0,5,19,6,12,6,12,6,13,8,15,0,10,15,gaze,no_noise_gaze
bunny,chicken,bunny,70b2e97537944c0bbf0cd597b849efe8_1920x1080,face,gr_dl_bunny_nonoise_hey,yes,bunny,familiar,high,gr,down_left,no_noise,hey,3,16,5,0,6,6,6,16,6,16,6,25,9,9,0,11,9,gaze,no_noise_gaze
shoe,ball,ball,7190afee7820e15ada59b505c7870c27_1920x1080,face,gr_dr_ball_nonoise_look,yes,ball,familiar,high,gr,down_right,no_noise,look,3,11,4,24,5,18,6,1,6,1,6,27,8,25,0,10,25,gaze,no_noise_gaze
bunny,chicken,chicken,719dd037480e82c6e6a677fa555b85ad_1920x1080,face,ol_dr_chicken_nonoise_hey,yes,chicken,familiar,high,ol,down_right,no_noise,hey,3,28,5,8,6,11,6,29,6,29,7,0,9,4,0,11,4,gaze,no_noise_gaze
bunny,chicken,chicken,71b89d8ba11ab4ed3ce721101ca3e5c9_1920x1080,face,ol_sa_chicken_noise_hey,yes,chicken,familiar,high,ol,straight_ahead,noise,hey,4,4,5,21,6,21,7,8,7,8,NA,NA,NA,NA,0,9,8,no_gaze,noise_no_gaze
bottle,cookie,bottle,71d911648a5b61b907d591e0b34cf67d_1920x1080,face,ol_sa_bottle_nonoise_hey,yes,bottle,familiar,high,ol,straight_ahead,no_noise,hey,3,22,5,2,6,6,6,20,6,20,NA,NA,NA,NA,0,8,20,no_gaze,no_noise_no_gaze
NA,NA,NA,73043104237bf1c8335572c8bf9254a3_1920x1080,face,NA,NA,NA,NA,NA,NA,NA,NA,NA,NA,NA,NA,NA,NA,NA,NA,NA,NA,NA,NA,NA,NA,NA,NA,NA,NA,NA,NA_NA
ball,shoe,ball,73a13ec98d28684cd57518a8c1a953ce_1920x1080,face,gr_dl_ball_nonoise_look,yes,ball,familiar,high,gr,down_left,no_noise,look,3,12,4,25,5,19,6,2,6,2,6,28,8,26,0,10,26,gaze,no_noise_gaze
bottle,cookie,cookie,73a7a4b4f71ccf83adb3ce891159a690_1920x1080,face,gr_dr_cookie_nonoise_hey,yes,cookie,familiar,high,gr,down_right,no_noise,hey,3,15,4,29,6,7,6,21,6,21,6,29,9,3,0,11,3,gaze,no_noise_gaze
cookie,bottle,cookie,7410e19f2892a9b98f856d5a0aa7bebd_1920x1080,face,gr_dl_cookie_nonoise_look,yes,cookie,familiar,high,gr,down_left,no_noise,look,3,19,5,7,5,28,6,13,6,13,6,27,8,16,0,10,16,gaze,no_noise_gaze
juice,boat,juice,75226185555421b8a55de65149fd79f7_1920x1080,face,gr_sa_juice_nonoise_hey,yes,juice,familiar,high,gr,straight_ahead,no_noise,hey,3,3,4,23,5,26,6,18,6,18,NA,NA,NA,NA,0,8,17,no_gaze,no_noise_no_gaze
cookie,bottle,bottle,7565e989d17673e3ed001aa0124db8e7_1920x1080,face,ol_dr_bottle_noise_look,yes,bottle,familiar,high,ol,down_right,noise,look,3,5,4,19,5,11,5,29,5,29,6,4,8,3,0,10,3,gaze,noise_gaze
chicken,bunny,bunny,763a8528886843ba6ca63127d1d5e235_1920x1080,face,ol_dr_bunny_noise_hey,yes,bunny,familiar,high,ol,down_right,noise,hey,3,17,5,2,6,5,6,19,6,19,6,25,8,20,0,10,20,gaze,noise_gaze
boat,juice,juice,76cd68ccc3eaf5d9c713a3b42b2c5692_1920x1080,face,ol_sa_juice_noise_look,yes,juice,familiar,high,ol,straight_ahead,noise,look,2,29,4,16,5,8,5,27,5,27,NA,NA,NA,NA,0,7,27,no_gaze,noise_no_gaze
juice,boat,juice,78363a1b9140953e544ce03b59a01d0f_1920x1080,face,ol_dl_juice_nonoise_hey,yes,juice,familiar,high,ol,down_left,no_noise,hey,3,18,4,27,5,29,6,21,6,21,6,29,8,22,0,10,22,gaze,no_noise_gaze
NA,NA,NA,799ffe2d6a76cd7c3b5f40cc40640495_1920x1080,face,NA,NA,NA,NA,NA,NA,NA,NA,NA,NA,NA,NA,NA,NA,NA,NA,NA,NA,NA,NA,NA,NA,NA,NA,NA,NA,NA,NA_NA
bottle,cookie,cookie,7aaa34a3a160081a46cd4ad592d2f294_1920x1080,face,ol_dr_cookie_noise_hey,yes,cookie,familiar,high,ol,down_right,noise,hey,3,22,5,7,6,8,6,26,6,26,7,6,9,3,0,11,3,gaze,noise_gaze
cookie,bottle,bottle,7abc99d266dd8d64e14d8ea8fafcc5cc_1920x1080,face,ol_dr_bottle_noise_look,yes,bottle,familiar,high,ol,down_right,noise,look,3,5,4,19,5,11,5,29,5,29,6,4,8,3,0,10,3,gaze,noise_gaze
shoe,ball,ball,7c8ff207328e091335e42176fa06d309_1920x1080,face,gr_sa_ball_noise_look,yes,ball,familiar,high,gr,straight_ahead,noise,look,3,1,4,21,5,12,5,24,5,24,NA,NA,NA,NA,0,7,25,no_gaze,noise_no_gaze
juice,boat,boat,7ed1cd1f095d8a4fc2cd0e9b01b134ff_1920x1080,face,gr_sa_boat_nonoise_look,yes,boat,familiar,high,gr,straight_ahead,no_noise,look,3,0,4,14,5,8,5,18,5,18,NA,NA,NA,NA,0,7,18,no_gaze,no_noise_no_gaze
bottle,cookie,bottle,7ed2d61431ad0cdae748f5508d9c0dc5_1920x1080,face,gr_dl_bottle_noise_hey,yes,bottle,familiar,high,gr,down_left,noise,hey,3,19,5,3,6,11,6,23,6,23,7,7,9,12,0,11,12,gaze,noise_gaze
shoe,ball,ball,818b256dd075c0d71203b40d08882e0d_1920x1080,face,gr_sa_ball_nonoise_hey,yes,ball,familiar,high,gr,straight_ahead,no_noise,hey,3,8,4,20,5,24,6,8,6,8,NA,NA,NA,NA,0,8,8,no_gaze,no_noise_no_gaze
juice,boat,juice,837c79fff1d72264d732df0d35252032_1920x1080,face,ol_sa_juice_noise_look,yes,juice,familiar,high,ol,straight_ahead,noise,look,2,29,4,16,5,8,5,27,5,27,NA,NA,NA,NA,0,7,27,no_gaze,noise_no_gaze
cookie,bottle,bottle,83dc84b1d98d34133a4f3b9d280dbe1f_1920x1080,face,gr_sa_bottle_nonoise_hey,yes,bottle,familiar,high,gr,straight_ahead,no_noise,hey,3,5,4,8,5,12,5,25,5,25,NA,NA,NA,NA,0,7,25,no_gaze,no_noise_no_gaze
ball,shoe,shoe,845d22157adef25e0c142d43b4c0c8ed_1920x1080,face,gr_sa_shoe_noise_hey,yes,shoe,familiar,high,gr,straight_ahead,noise,hey,3,4,5,0,6,2,6,23,6,23,NA,NA,NA,NA,0,8,22,no_gaze,noise_no_gaze
boat,juice,boat,846587a8831bce94560dadde13e7774c_1920x1080,face,ol_dl_boat_noise_look,yes,boat,familiar,high,ol,down_left,noise,look,3,17,5,1,5,25,6,12,6,12,6,18,8,9,0,10,9,gaze,noise_gaze
NA,NA,NA,85e91b277ab3c43334caff8617a99a27_1920x1080,face,NA,NA,NA,NA,NA,NA,NA,NA,NA,NA,NA,NA,NA,NA,NA,NA,NA,NA,NA,NA,NA,NA,NA,NA,NA,NA,NA,NA_NA
bottle,cookie,bottle,86094c0a0472755d07bc08b67346ba26_1920x1080,face,ol_sa_bottle_noise_look,yes,bottle,familiar,high,ol,straight_ahead,noise,look,3,1,4,11,5,1,5,16,5,16,NA,NA,NA,NA,0,7,16,no_gaze,noise_no_gaze
shoe,ball,shoe,86859438f1b85ed5c128b4ffec62edd3_1920x1080,face,ol_sa_shoe_nonoise_look,yes,shoe,familiar,high,ol,straight_ahead,no_noise,look,2,29,4,13,5,3,5,24,5,24,NA,NA,NA,NA,0,7,24,no_gaze,no_noise_no_gaze
bunny,chicken,bunny,899df1dcbb95fcc3e7b219e500705d0f_1920x1080,face,gr_sa_bunny_nonoise_hey,yes,bunny,familiar,high,gr,straight_ahead,no_noise,hey,3,16,5,0,6,5,6,15,6,15,NA,NA,NA,NA,0,8,17,no_gaze,no_noise_no_gaze
cookie,bottle,bottle,8aa511d1422b9e29aa7fd1cbdc6e53f8_1920x1080,face,ol_sa_bottle_nonoise_hey,yes,bottle,familiar,high,ol,straight_ahead,no_noise,hey,3,22,5,2,6,6,6,20,6,20,NA,NA,NA,NA,0,8,20,no_gaze,no_noise_no_gaze
chicken,bunny,bunny,8b226c0cb4da86e0d2ee6771fb38c39c_1920x1080,face,gr_dr_bunny_nonoise_look,yes,bunny,familiar,high,gr,down_right,no_noise,look,3,17,5,12,6,5,6,17,6,17,7,2,8,24,0,10,24,gaze,no_noise_gaze
cookie,bottle,bottle,8f819f3ccd6a9e4fb0e38f274b635c40_1920x1080,face,ol_dr_bottle_noise_look,yes,bottle,familiar,high,ol,down_right,noise,look,3,5,4,19,5,11,5,29,5,29,6,4,8,3,0,10,3,gaze,noise_gaze
chicken,bunny,chicken,91b9c85a451d08ef1fe60cf4874c4c24_1920x1080,face,gr_sa_chicken_nonoise_hey,yes,chicken,familiar,high,gr,straight_ahead,no_noise,hey,3,3,4,8,5,13,5,28,5,28,NA,NA,NA,NA,0,7,28,no_gaze,no_noise_no_gaze
ball,shoe,ball,93d25a235379f0e02845c84cff05446d_1920x1080,face,gr_dl_ball_nonoise_look,yes,ball,familiar,high,gr,down_left,no_noise,look,3,12,4,25,5,19,6,2,6,2,6,28,8,26,0,10,26,gaze,no_noise_gaze
NA,NA,NA,948b8f568e49e5b97d8bc76fe799adec_1920x1080,face,NA,NA,NA,NA,NA,NA,NA,NA,NA,NA,NA,NA,NA,NA,NA,NA,NA,NA,NA,NA,NA,NA,NA,NA,NA,NA,NA,NA_NA
boat,juice,juice,94901123ea9bd0e2ccb19506f51fecae_1920x1080,face,gr_sa_juice_noise_look,yes,juice,familiar,high,gr,straight_ahead,noise,look,3,0,4,12,5,7,5,29,5,29,NA,NA,NA,NA,0,7,29,no_gaze,noise_no_gaze
juice,boat,juice,94c8cb5150d2d01bdc2935913115ad97_1920x1080,face,ol_sa_juice_nonoise_hey,yes,juice,familiar,high,ol,straight_ahead,no_noise,hey,2,19,3,29,4,28,5,12,5,12,NA,NA,NA,NA,0,7,12,no_gaze,no_noise_no_gaze
boat,juice,boat,9587ba9786911f2718f707ee3ad7ceb9_1920x1080,face,gr_sa_boat_noise_look,yes,boat,familiar,high,gr,straight_ahead,noise,look,3,0,4,14,5,8,5,18,5,18,NA,NA,NA,NA,0,7,18,no_gaze,noise_no_gaze
chicken,bunny,chicken,9786cdd660ec433ab2b857908c8a95d9_1920x1080,face,gr_sa_chicken_nonoise_look,yes,chicken,familiar,high,gr,straight_ahead,no_noise,look,3,12,4,25,5,16,6,0,6,0,NA,NA,NA,NA,0,8,0,no_gaze,no_noise_no_gaze
juice,boat,boat,97e5b1df9c0979427ece858aaac6fc8a_1920x1080,face,ol_sa_boat_noise_hey,yes,boat,familiar,high,ol,straight_ahead,noise,hey,3,4,4,17,5,20,6,5,6,5,NA,NA,NA,NA,0,8,5,no_gaze,noise_no_gaze
ball,shoe,ball,9942ec6d98d32ea670fbc2ba8b98b8be_1920x1080,face,ol_dl_ball_nonoise_look,yes,ball,familiar,high,ol,down_left,no_noise,look,3,18,5,3,5,26,6,14,6,14,6,19,8,13,0,10,13,gaze,no_noise_gaze
bottle,cookie,bottle,99c5041e8e39e2ff0f1b514db4b4acb2_1920x1080,face,ol_sa_bottle_nonoise_hey,yes,bottle,familiar,high,ol,straight_ahead,no_noise,hey,3,22,5,2,6,6,6,20,6,20,NA,NA,NA,NA,0,8,20,no_gaze,no_noise_no_gaze
bunny,chicken,chicken,9ac057c0f959dcb77130b31047363a28_1920x1080,face,ol_dr_chicken_noise_hey,yes,chicken,familiar,high,ol,down_right,noise,hey,3,28,5,8,6,11,6,29,6,29,7,0,9,4,0,11,4,gaze,noise_gaze
juice,boat,boat,9ac3be17133be736a19b0f03446c31a6_1920x1080,face,gr_sa_boat_noise_hey,yes,boat,familiar,high,gr,straight_ahead,noise,hey,2,26,4,8,5,16,6,1,6,1,NA,NA,NA,NA,0,8,1,no_gaze,noise_no_gaze
juice,boat,boat,9b3e0d46f70c5118958a94533260a2bc_1920x1080,face,ol_dr_boat_noise_look,yes,boat,familiar,high,ol,down_right,noise,look,3,17,5,1,5,25,6,12,6,12,6,18,8,9,0,10,9,gaze,noise_gaze
NA,NA,NA,9b86cc2b6ef569452810e8ee068085cf_1920x1080,face,NA,NA,NA,NA,NA,NA,NA,NA,NA,NA,NA,NA,NA,NA,NA,NA,NA,NA,NA,NA,NA,NA,NA,NA,NA,NA,NA,NA_NA
NA,NA,NA,9b9688edf70346b1c9c0e8af36e383cd_1920x1080,face,NA,NA,NA,NA,NA,NA,NA,NA,NA,NA,NA,NA,NA,NA,NA,NA,NA,NA,NA,NA,NA,NA,NA,NA,NA,NA,NA,NA_NA
bottle,cookie,bottle,9c65b6b863cd4d93d2c00f77f6ded461_1920x1080,face,ol_sa_bottle_nonoise_hey,yes,bottle,familiar,high,ol,straight_ahead,no_noise,hey,3,22,5,2,6,6,6,20,6,20,NA,NA,NA,NA,0,8,20,no_gaze,no_noise_no_gaze
ball,shoe,shoe,9c887b86d1462a9d2be1e81fce5a9a31_1920x1080,face,ol_dr_shoe_nonoise_look,yes,shoe,familiar,high,ol,down_right,no_noise,look,3,14,5,0,5,19,6,12,6,12,6,13,8,15,0,10,15,gaze,no_noise_gaze
cookie,bottle,cookie,9cef5203fe97bdfe2fb74532297faab8_1920x1080,face,gr_sa_cookie_nonoise_hey,yes,cookie,familiar,high,gr,straight_ahead,no_noise,hey,3,5,4,14,5,15,5,29,5,29,NA,NA,NA,NA,0,7,29,no_gaze,no_noise_no_gaze
juice,boat,boat,9dca8cea5eae668a88f9defe3a6b4039_1920x1080,face,gr_sa_boat_noise_look,yes,boat,familiar,high,gr,straight_ahead,noise,look,3,0,4,14,5,8,5,18,5,18,NA,NA,NA,NA,0,7,18,no_gaze,noise_no_gaze
ball,shoe,shoe,9de5a4842d208c5b87494b3c8853c389_1920x1080,face,ol_sa_shoe_noise_look,yes,shoe,familiar,high,ol,straight_ahead,noise,look,2,29,4,13,5,3,5,21,5,21,NA,NA,NA,NA,0,7,21,no_gaze,noise_no_gaze
juice,boat,boat,9e952f82efa0d5b247cf6d900dc3c725_1920x1080,face,ol_dr_boat_noise_look,yes,boat,familiar,high,ol,down_right,noise,look,3,17,5,1,5,25,6,12,6,12,6,18,8,9,0,10,9,gaze,noise_gaze
NA,NA,NA,9ea16664a4556b35f0854c18a7d1babc_1920x1080,face,NA,NA,NA,NA,NA,NA,NA,NA,NA,NA,NA,NA,NA,NA,NA,NA,NA,NA,NA,NA,NA,NA,NA,NA,NA,NA,NA,NA_NA
bunny,chicken,bunny,a1040c8aae28342279fe886be767a405_1920x1080,face,ol_dl_bunny_noise_hey,yes,bunny,familiar,high,ol,down_left,noise,hey,3,17,5,2,6,5,6,19,6,19,6,25,8,20,0,10,20,gaze,noise_gaze
boat,juice,boat,a42a12f0b2b6a4032d4843d9bb8dbd98_1920x1080,face,ol_sa_boat_nonoise_hey,yes,boat,familiar,high,ol,straight_ahead,no_noise,hey,3,4,4,17,5,20,6,5,6,5,NA,NA,NA,NA,0,8,5,no_gaze,no_noise_no_gaze
shoe,ball,ball,a5bf2491eddc580d9c1df3ce2984e188_1920x1080,face,gr_sa_ball_nonoise_look,yes,ball,familiar,high,gr,straight_ahead,no_noise,look,3,1,4,21,5,12,5,24,5,24,NA,NA,NA,NA,0,7,25,no_gaze,no_noise_no_gaze
cookie,bottle,cookie,a5e8f41450e1321622ee22c84cbdcd5a_1920x1080,face,ol_sa_cookie_nonoise_look,yes,cookie,familiar,high,ol,straight_ahead,no_noise,look,3,1,4,15,5,5,5,20,5,20,NA,NA,NA,NA,0,7,20,no_gaze,no_noise_no_gaze
ball,shoe,ball,a6eda613a38fb74cfbcae1fdae51030b_1920x1080,face,ol_sa_ball_noise_look,yes,ball,familiar,high,ol,straight_ahead,noise,look,3,19,5,2,5,25,6,11,6,11,NA,NA,NA,NA,0,8,11,no_gaze,noise_no_gaze
bunny,chicken,cookie,a781777e7360a30535d43b1e88d0fe44_1920x1080,face,gr_sa_cookie_noise_hey,yes,cookie,familiar,high,gr,straight_ahead,noise,hey,3,5,4,14,5,15,5,29,5,29,NA,NA,NA,NA,0,7,29,no_gaze,noise_no_gaze
shoe,ball,shoe,a833c68405e73a09993ba46214a54fb4_1920x1080,face,ol_sa_shoe_noise_hey,yes,shoe,familiar,high,ol,straight_ahead,noise,hey,2,25,4,9,5,5,5,25,5,25,NA,NA,NA,NA,0,7,25,no_gaze,noise_no_gaze
bunny,chicken,chicken,a848d693766c5cf9b3958d272892863e_1920x1080,face,gr_sa_chicken_noise_hey,yes,chicken,familiar,high,gr,straight_ahead,noise,hey,3,3,4,8,5,13,5,28,5,28,NA,NA,NA,NA,0,7,28,no_gaze,noise_no_gaze
cookie,bottle,cookie,a9df8c0fe8d6b01cb92c6efd9db1f5dd_1920x1080,face,ol_sa_cookie_noise_hey,yes,cookie,familiar,high,ol,straight_ahead,noise,hey,3,16,4,28,5,29,6,13,6,13,NA,NA,NA,NA,0,8,14,no_gaze,noise_no_gaze
bottle,cookie,bottle,acbe527c79a0cc7a3adb93cdc8a2f816_1920x1080,face,gr_dl_bottle_noise_hey,yes,bottle,familiar,high,gr,down_left,noise,hey,3,19,5,3,6,11,6,23,6,23,7,7,9,12,0,11,12,gaze,noise_gaze
cookie,bottle,bottle,adaf653d19481e784fb47cf70279d6a4_1920x1080,face,gr_sa_bottle_noise_look,yes,bottle,familiar,high,gr,straight_ahead,noise,look,3,7,4,23,5,15,5,28,5,28,NA,NA,NA,NA,0,7,28,no_gaze,noise_no_gaze
shoe,ball,shoe,ae15c591f7627d3b933fd60eb86c53f1_1920x1080,face,ol_sa_shoe_noise_hey,yes,shoe,familiar,high,ol,straight_ahead,noise,hey,2,25,4,9,5,5,5,25,5,25,NA,NA,NA,NA,0,7,25,no_gaze,noise_no_gaze
chicken,bunny,chicken,aeb53f84a2056d1dfe09f0438ebcb37c_1920x1080,face,gr_dl_chicken_nonoise_look,yes,chicken,familiar,high,gr,down_left,no_noise,look,3,13,4,29,5,20,6,5,6,5,6,20,8,18,0,10,18,gaze,no_noise_gaze
chicken,bunny,chicken,aed2a019da09451613161447021e2c01_1920x1080,face,gr_sa_chicken_noise_hey,yes,chicken,familiar,high,gr,straight_ahead,noise,hey,3,3,4,8,5,13,5,28,5,28,NA,NA,NA,NA,0,7,28,no_gaze,noise_no_gaze
chicken,bunny,chicken,af7d42e2d47e8a72ce227ec22248f2f2_1920x1080,face,ol_sa_chicken_noise_look,yes,chicken,familiar,high,ol,straight_ahead,noise,look,3,9,4,23,5,15,6,4,6,4,NA,NA,NA,NA,0,8,4,no_gaze,noise_no_gaze
ball,shoe,shoe,b024ed8edf4edccda888c1ef974ab643_1920x1080,face,ol_sa_shoe_nonoise_hey,yes,shoe,familiar,high,ol,straight_ahead,no_noise,hey,2,25,4,9,5,5,5,25,5,25,NA,NA,NA,NA,0,7,25,no_gaze,no_noise_no_gaze
shoe,ball,shoe,b02abe01d6a5c8ebf1e33fa21f925c81_1920x1080,face,gr_dl_shoe_nonoise_look,yes,shoe,familiar,high,gr,down_left,no_noise,look,3,2,4,19,5,13,6,1,6,1,6,14,8,16,0,10,16,gaze,no_noise_gaze
boat,juice,boat,b11503103fd2a7c4b569a3ef4c622db7_1920x1080,face,gr_sa_boat_nonoise_hey,yes,boat,familiar,high,gr,straight_ahead,no_noise,hey,2,26,4,8,5,16,6,1,6,1,NA,NA,NA,NA,0,8,1,no_gaze,no_noise_no_gaze
bunny,chicken,bunny,b12ad74d4fbd81530997e9567ca4d8f2_1920x1080,face,ol_dl_bunny_noise_look,yes,bunny,familiar,high,ol,down_left,noise,look,3,27,5,8,6,3,6,19,6,19,6,25,8,27,0,10,27,gaze,noise_gaze
chicken,bunny,bunny,b1d7bdd6aef6beb552f46da2263cd426_1920x1080,face,gr_dr_bunny_noise_look,yes,bunny,familiar,high,gr,down_right,noise,look,3,17,5,12,6,5,6,17,6,17,7,2,8,24,0,10,24,gaze,noise_gaze
chicken,bunny,bunny,b2733af476e3ada9e45c7d5abdc3a264_1920x1080,face,gr_sa_bunny_nonoise_look,yes,bunny,familiar,high,gr,straight_ahead,no_noise,look,3,4,4,16,5,10,5,22,5,22,NA,NA,NA,NA,0,7,22,no_gaze,no_noise_no_gaze
boat,juice,juice,b3d17d139aba0e50bfffc8e05261d418_1920x1080,face,ol_sa_juice_noise_look,yes,juice,familiar,high,ol,straight_ahead,noise,look,2,29,4,16,5,8,5,27,5,27,NA,NA,NA,NA,0,7,27,no_gaze,noise_no_gaze
boat,juice,juice,b3edbd83e9f536754f985a7c917b6e61_1920x1080,face,ol_sa_juice_nonoise_hey,yes,juice,familiar,high,ol,straight_ahead,no_noise,hey,2,19,3,29,4,28,5,12,5,12,NA,NA,NA,NA,0,7,12,no_gaze,no_noise_no_gaze
boat,juice,juice,b4b7955c20436c66106e7e05b7fb6d5e_1920x1080,face,gr_dr_juice_nonoise_look,yes,juice,familiar,high,gr,down_right,no_noise,look,3,19,5,16,6,12,7,6,7,6,7,8,9,3,0,11,3,gaze,no_noise_gaze
chicken,bunny,chicken,b66c73431084af80f67f5d22ceca1384_1920x1080,face,gr_dl_chicken_nonoise_hey,yes,chicken,familiar,high,gr,down_left,no_noise,hey,3,12,4,20,5,25,6,11,6,11,6,27,8,15,0,10,15,gaze,no_noise_gaze
shoe,ball,shoe,b6a8a194d860fea5daf494c14815edea_1920x1080,face,gr_dl_shoe_nonoise_hey,yes,shoe,familiar,high,gr,down_left,no_noise,hey,3,0,5,5,6,3,6,22,6,22,7,1,8,27,0,10,27,gaze,no_noise_gaze
bottle,cookie,cookie,b70ad582071d6d7d4fffb072ca95bb7e_1920x1080,face,ol_sa_cookie_nonoise_look,yes,cookie,familiar,high,ol,straight_ahead,no_noise,look,3,1,4,15,5,5,5,20,5,20,NA,NA,NA,NA,0,7,20,no_gaze,no_noise_no_gaze
shoe,ball,ball,b7873488d1fe2a60e658e556641bd34b_1920x1080,face,ol_dr_ball_nonoise_look,yes,ball,familiar,high,ol,down_right,no_noise,look,3,18,5,3,5,26,6,14,6,14,6,19,8,13,0,10,13,gaze,no_noise_gaze
shoe,ball,shoe,b8805759062208f6a5a83c3ce3201638_1920x1080,face,gr_sa_shoe_noise_look,yes,shoe,familiar,high,gr,straight_ahead,noise,look,2,21,4,10,5,2,5,21,5,21,NA,NA,NA,NA,0,7,21,no_gaze,noise_no_gaze
juice,boat,juice,b8a73d560973c563576100af83d7a1b2_1920x1080,face,gr_sa_juice_noise_look,yes,juice,familiar,high,gr,straight_ahead,noise,look,3,0,4,12,5,7,5,29,5,29,NA,NA,NA,NA,0,7,29,no_gaze,noise_no_gaze
NA,NA,NA,b8bc21277ef5b22a8d99af514705270d_1920x1080,face,NA,NA,NA,NA,NA,NA,NA,NA,NA,NA,NA,NA,NA,NA,NA,NA,NA,NA,NA,NA,NA,NA,NA,NA,NA,NA,NA,NA_NA
cookie,bottle,cookie,ba5765786ae805ce87f99ce9d3be92aa_1920x1080,face,gr_sa_cookie_noise_hey,yes,cookie,familiar,high,gr,straight_ahead,noise,hey,3,5,4,14,5,15,5,29,5,29,NA,NA,NA,NA,0,7,29,no_gaze,noise_no_gaze
juice,boat,juice,ba9ba53f78604e43ace525ed7448d9f2_1920x1080,face,gr_sa_juice_noise_look,yes,juice,familiar,high,gr,straight_ahead,noise,look,3,0,4,12,5,7,5,29,5,29,NA,NA,NA,NA,0,7,29,no_gaze,noise_no_gaze
bunny,chicken,bunny,bacddec97f862ac69d29085377d80893_1920x1080,face,ol_sa_bunny_nonoise_look,yes,bunny,familiar,high,ol,straight_ahead,no_noise,look,3,10,4,22,5,12,5,26,5,26,NA,NA,NA,NA,0,7,26,no_gaze,no_noise_no_gaze
juice,boat,juice,bad1598fc19a96d5fc9b4454dd8b429c_1920x1080,face,gr_dl_juice_nonoise_look,yes,juice,familiar,high,gr,down_left,no_noise,look,3,21,5,18,6,14,7,8,7,8,7,10,9,5,0,11,5,gaze,no_noise_gaze
ball,shoe,ball,baf18ea2c8d57252367dd3880f931ba7_1920x1080,face,ol_dl_ball_noise_hey,yes,ball,familiar,high,ol,down_left,noise,hey,3,5,4,15,5,17,6,5,6,5,6,16,8,12,0,10,12,gaze,noise_gaze
juice,boat,juice,be499239a804627a0f3b4411386f8350_1920x1080,face,ol_sa_juice_noise_hey,yes,juice,familiar,high,ol,straight_ahead,noise,hey,2,19,3,29,4,28,5,12,5,12,NA,NA,NA,NA,0,7,12,no_gaze,noise_no_gaze
bottle,cookie,bottle,bfc74696be4b526f1cd18b5748350cfb_1920x1080,face,ol_dl_bottle_noise_look,yes,bottle,familiar,high,ol,down_left,noise,look,3,8,4,22,5,14,6,2,6,2,6,7,8,6,0,10,6,gaze,noise_gaze
boat,juice,boat,c096f2e4629aaf20008994eef883402b_1920x1080,face,gr_dl_boat_nonoise_hey,yes,boat,familiar,high,gr,down_left,no_noise,hey,3,7,4,21,5,29,6,15,6,15,6,19,9,13,0,11,13,gaze,no_noise_gaze
NA,NA,NA,c0ea6ac4d46e631986d69c788aedd023_1920x1080,face,NA,NA,NA,NA,NA,NA,NA,NA,NA,NA,NA,NA,NA,NA,NA,NA,NA,NA,NA,NA,NA,NA,NA,NA,NA,NA,NA,NA_NA
boat,juice,boat,c0f0a64b9e33c8633755c0a370cdc1f8_1920x1080,face,ol_dl_boat_nonoise_look,yes,boat,familiar,high,ol,down_left,no_noise,look,3,17,5,1,5,25,6,12,6,12,6,18,8,9,0,10,9,gaze,no_noise_gaze
boat,juice,boat,c1651138865955a55d32ff5797f1a688_1920x1080,face,gr_dl_boat_nonoise_look,yes,boat,familiar,high,gr,down_left,no_noise,look,3,12,4,27,5,22,6,3,6,3,6,14,8,12,0,10,12,gaze,no_noise_gaze
cookie,bottle,bottle,c2e38b0f4395ddb643057dc2624c4574_1920x1080,face,ol_sa_bottle_noise_hey,yes,bottle,familiar,high,ol,straight_ahead,noise,hey,3,22,5,2,6,6,6,20,6,20,NA,NA,NA,NA,0,8,20,no_gaze,noise_no_gaze
chicken,bunny,chicken,c49aa0d89bfc396a9ca1a986a0c9381e_1920x1080,face,gr_sa_chicken_noise_hey,yes,chicken,familiar,high,gr,straight_ahead,noise,hey,3,3,4,8,5,13,5,28,5,28,NA,NA,NA,NA,0,7,28,no_gaze,noise_no_gaze
ball,shoe,ball,c4bb5a8c444dbba2dfdbd9c26b67252f_1920x1080,face,ol_dl_ball_noise_hey,yes,ball,familiar,high,ol,down_left,noise,hey,3,5,4,15,5,17,6,5,6,5,6,16,8,12,0,10,12,gaze,noise_gaze
bottle,cookie,bottle,c51bf44d8711a0e70a0bc560b5cecb10_1920x1080,face,gr_dl_bottle_nonoise_hey,yes,bottle,familiar,high,gr,down_left,no_noise,hey,3,19,5,3,6,11,6,23,6,23,7,7,9,12,0,11,12,gaze,no_noise_gaze
NA,NA,NA,c569646d7d7a4db8a9da31278fdfa785_1920x1080,face,NA,NA,NA,NA,NA,NA,NA,NA,NA,NA,NA,NA,NA,NA,NA,NA,NA,NA,NA,NA,NA,NA,NA,NA,NA,NA,NA,NA_NA
ball,shoe,shoe,c867af94be3131a802e97a5f42668cf5_1920x1080,face,ol_dr_shoe_nonoise_hey,yes,shoe,familiar,high,ol,down_right,no_noise,hey,3,8,4,17,5,15,6,7,6,7,6,18,8,12,0,10,12,gaze,no_noise_gaze
ball,shoe,shoe,c9ed93bd313893c3e3a9b05409c6870e_1920x1080,face,gr_sa_shoe_nonoise_hey,yes,shoe,familiar,high,gr,straight_ahead,no_noise,hey,3,4,5,0,6,2,6,23,6,23,NA,NA,NA,NA,0,8,22,no_gaze,no_noise_no_gaze
shoe,ball,shoe,cac5e134fc172770296e7f83b25f18d0_1920x1080,face,gr_dl_shoe_noise_look,yes,shoe,familiar,high,gr,down_left,noise,look,3,2,4,19,5,13,6,1,6,1,6,14,8,16,0,10,16,gaze,noise_gaze
cookie,bottle,cookie,cb48b2d012434137b3f74ccb612fa2c6_1920x1080,face,ol_sa_cookie_noise_hey,yes,cookie,familiar,high,ol,straight_ahead,noise,hey,3,16,4,28,5,29,6,13,6,13,NA,NA,NA,NA,0,8,14,no_gaze,noise_no_gaze
cookie,bottle,cookie,cc24ad440e83581d53a69de540aa426f_1920x1080,face,ol_dl_cookie_noise_hey,yes,cookie,familiar,high,ol,down_left,noise,hey,3,22,5,7,6,8,6,26,6,26,7,6,9,3,0,11,3,gaze,noise_gaze
cookie,bottle,bottle,ce521e5dfbeda170626367ff99b66623_1920x1080,face,ol_dr_bottle_nonoise_look,yes,bottle,familiar,high,ol,down_right,no_noise,look,3,4,4,18,5,10,5,28,5,28,6,3,8,2,0,10,2,gaze,no_noise_gaze
juice,boat,juice,cfc9666c827803f28659b3bb36a13160_1920x1080,face,gr_dl_juice_noise_hey,yes,juice,familiar,high,gr,down_left,noise,hey,3,1,4,23,5,24,6,17,6,17,6,26,8,28,0,9,18,gaze,noise_gaze
shoe,ball,shoe,d2e6b4e57e6de38b2cc7afc3421dd6d8_1920x1080,face,ol_sa_shoe_nonoise_look,yes,shoe,familiar,high,ol,straight_ahead,no_noise,look,2,29,4,13,5,3,5,24,5,24,NA,NA,NA,NA,0,7,24,no_gaze,no_noise_no_gaze
shoe,ball,ball,d3d7896be0ea2931af74ce4aae878f6e_1920x1080,face,ol_sa_ball_nonoise_look,yes,ball,familiar,high,ol,straight_ahead,no_noise,look,3,19,5,2,5,25,6,11,6,11,NA,NA,NA,NA,0,8,11,no_gaze,no_noise_no_gaze
juice,boat,boat,d7a086795db36ef62f84eadc0f0e5f07_1920x1080,face,gr_dr_boat_nonoise_look,yes,boat,familiar,high,gr,down_right,no_noise,look,3,11,4,26,5,21,6,2,6,2,6,13,8,11,0,10,11,gaze,no_noise_gaze
boat,juice,boat,d7cc43c29346213b97f2b8047692377d_1920x1080,face,ol_dl_boat_noise_look,yes,boat,familiar,high,ol,down_left,noise,look,3,17,5,1,5,25,6,12,6,12,6,18,8,9,0,10,9,gaze,noise_gaze
shoe,ball,shoe,dbd0f89b0152dd9b6dea1b8407142b7e_1920x1080,face,gr_dl_shoe_noise_look,yes,shoe,familiar,high,gr,down_left,noise,look,3,2,4,19,5,13,6,1,6,1,6,14,8,16,0,10,16,gaze,noise_gaze
cookie,bottle,cookie,dcf83784431e8059aaa6a21ff7151747_1920x1080,face,gr_dl_cookie_noise_hey,yes,cookie,familiar,high,gr,down_left,noise,hey,3,16,5,0,6,8,6,22,6,22,7,0,9,4,0,11,4,gaze,noise_gaze
bunny,chicken,bunny,de87461e8c875786ac828046919cf1a7_1920x1080,face,ol_sa_bunny_noise_hey,yes,bunny,familiar,high,ol,straight_ahead,noise,hey,3,18,5,2,6,6,6,19,6,19,NA,NA,NA,NA,0,8,19,no_gaze,noise_no_gaze
boat,juice,juice,df7c572fd60005ad1b08b614f732867d_1920x1080,face,ol_dr_juice_nonoise_hey,yes,juice,familiar,high,ol,down_right,no_noise,hey,3,18,4,27,5,29,6,21,6,21,6,29,8,22,0,10,22,gaze,no_noise_gaze
bottle,cookie,bottle,e00389bdddbc927697fbd04b485e7b6c_1920x1080,face,gr_dl_bottle_nonoise_look,yes,bottle,familiar,high,gr,down_left,no_noise,look,3,13,5,0,5,26,6,10,6,10,6,14,8,9,0,10,9,gaze,no_noise_gaze
cookie,bottle,cookie,e0726183532951f4397f2f175e3ffbfe_1920x1080,face,gr_sa_cookie_nonoise_look,yes,cookie,familiar,high,gr,straight_ahead,no_noise,look,3,23,5,5,5,26,6,10,6,10,NA,NA,NA,NA,0,8,10,no_gaze,no_noise_no_gaze
shoe,ball,shoe,e0abb1ea708d3621aa23740bf8b55158_1920x1080,face,ol_dl_shoe_nonoise_look,yes,shoe,familiar,high,ol,down_left,no_noise,look,3,14,5,0,5,19,6,12,6,12,6,13,8,15,0,10,15,gaze,no_noise_gaze
bottle,cookie,cookie,e2273d1afc88c300ce6d336a0cb94aa0_1920x1080,face,gr_sa_cookie_noise_look,yes,cookie,familiar,high,gr,straight_ahead,noise,look,3,23,5,5,5,26,6,10,6,10,NA,NA,NA,NA,0,8,10,no_gaze,noise_no_gaze
bottle,cookie,cookie,e466a7bd04827809d398ea9210ef4562_1920x1080,face,gr_dr_cookie_nonoise_hey,yes,cookie,familiar,high,gr,down_right,no_noise,hey,3,15,4,29,6,7,6,21,6,21,6,29,9,3,0,11,3,gaze,no_noise_gaze
ball,shoe,shoe,e555f485276575791ebe133300a24596_1920x1080,face,ol_sa_shoe_nonoise_hey,yes,shoe,familiar,high,ol,straight_ahead,no_noise,hey,2,25,4,9,5,5,5,25,5,25,NA,NA,NA,NA,0,7,25,no_gaze,no_noise_no_gaze
chicken,bunny,bunny,e58074238df7afa8ae7967a40e1a617d_1920x1080,face,ol_sa_bunny_nonoise_hey,yes,bunny,familiar,high,ol,straight_ahead,no_noise,hey,3,18,5,2,6,6,6,19,6,19,NA,NA,NA,NA,0,8,19,no_gaze,no_noise_no_gaze
shoe,ball,shoe,e7221a49e2b6db110253196ce96f4144_1920x1080,face,ol_sa_shoe_nonoise_hey,yes,shoe,familiar,high,ol,straight_ahead,no_noise,hey,2,25,4,9,5,5,5,25,5,25,NA,NA,NA,NA,0,7,25,no_gaze,no_noise_no_gaze
bunny,chicken,chicken,e7c623de5a36ba1846138cc3669344f2_1920x1080,face,ol_sa_chicken_noise_look,yes,chicken,familiar,high,ol,straight_ahead,noise,look,3,9,4,23,5,15,6,4,6,4,NA,NA,NA,NA,0,8,4,no_gaze,noise_no_gaze
chicken,bunny,chicken,e8b0091e9d7468a7d86f052e069b8845_1920x1080,face,ol_sa_chicken_noise_look,yes,chicken,familiar,high,ol,straight_ahead,noise,look,3,9,4,23,5,15,6,4,6,4,NA,NA,NA,NA,0,8,4,no_gaze,noise_no_gaze
ball,shoe,shoe,e92f9ee4c392fc638534fac7a084811b_1920x1080,face,ol_sa_shoe_noise_look,yes,shoe,familiar,high,ol,straight_ahead,noise,look,2,29,4,13,5,3,5,21,5,21,NA,NA,NA,NA,0,7,21,no_gaze,noise_no_gaze
ball,shoe,ball,e960c9eedf8375f86e6fb760188149cd_1920x1080,face,gr_sa_ball_nonoise_hey,yes,ball,familiar,high,gr,straight_ahead,no_noise,hey,3,8,4,20,5,24,6,8,6,8,NA,NA,NA,NA,0,8,8,no_gaze,no_noise_no_gaze
cookie,bottle,bottle,e9c7d2d210a08f36dfd0dc434a53e111_1920x1080,face,ol_sa_bottle_noise_hey,yes,bottle,familiar,high,ol,straight_ahead,noise,hey,3,22,5,2,6,6,6,20,6,20,NA,NA,NA,NA,0,8,20,no_gaze,noise_no_gaze
shoe,ball,shoe,ea1cbd64d1e2c0cbc45e2ead281e4aaf_1920x1080,face,gr_sa_shoe_nonoise_look,yes,shoe,familiar,high,gr,straight_ahead,no_noise,look,2,21,4,10,5,2,5,21,5,21,NA,NA,NA,NA,0,7,21,no_gaze,no_noise_no_gaze
chicken,bunny,bunny,eba5936538cfcaaf3bb43b66da0d0fcf_1920x1080,face,ol_dr_bunny_noise_hey,yes,bunny,familiar,high,ol,down_right,noise,hey,3,17,5,2,6,5,6,19,6,19,6,25,8,20,0,10,20,gaze,noise_gaze
bunny,chicken,bunny,eca411fd548265dc20cba5938f2cb5e6_1920x1080,face,gr_sa_bunny_noise_look,yes,bunny,familiar,high,gr,straight_ahead,noise,look,3,4,4,16,5,10,5,22,5,22,NA,NA,NA,NA,0,7,22,no_gaze,noise_no_gaze
cookie,bottle,cookie,ecef73ebf119579718018b3c300301d3_1920x1080,face,gr_dl_cookie_noise_look,yes,cookie,familiar,high,gr,down_left,noise,look,3,19,5,7,5,28,6,13,6,13,6,27,8,16,0,10,16,gaze,noise_gaze
boat,juice,juice,ed4bd320128692ada5b0f1ce173f8213_1920x1080,face,gr_sa_juice_noise_hey,yes,juice,familiar,high,gr,straight_ahead,noise,hey,3,3,4,23,5,26,6,18,6,18,NA,NA,NA,NA,0,8,17,no_gaze,noise_no_gaze
chicken,bunny,bunny,eda824b75814ccbdaba61595c599e86b_1920x1080,face,ol_sa_bunny_nonoise_look,yes,bunny,familiar,high,ol,straight_ahead,no_noise,look,3,10,4,22,5,12,5,26,5,26,NA,NA,NA,NA,0,7,26,no_gaze,no_noise_no_gaze
cookie,bottle,bottle,eef9ad068af726337a0b6af2623f1847_1920x1080,face,gr_sa_bottle_noise_hey,yes,bottle,familiar,high,gr,straight_ahead,noise,hey,3,5,4,8,5,12,5,25,5,25,NA,NA,NA,NA,0,7,25,no_gaze,noise_no_gaze
boat,juice,juice,f1710aededee04aeb04b3321a30d037b_1920x1080,face,ol_dr_juice_noise_look,yes,juice,familiar,high,ol,down_right,noise,look,3,17,4,28,5,22,6,14,6,14,6,13,8,11,0,10,11,gaze,noise_gaze
chicken,bunny,bunny,f1837df64069fce091ac4acc201d2d1b_1920x1080,face,gr_dr_bunny_nonoise_look,yes,bunny,familiar,high,gr,down_right,no_noise,look,3,17,5,12,6,5,6,17,6,17,7,2,8,24,0,10,24,gaze,no_noise_gaze
boat,juice,juice,f21ba7b421fb6331f6823dc3544fe3d4_1920x1080,face,ol_sa_juice_nonoise_hey,yes,juice,familiar,high,ol,straight_ahead,no_noise,hey,2,19,3,29,4,28,5,12,5,12,NA,NA,NA,NA,0,7,12,no_gaze,no_noise_no_gaze
boat,juice,juice,f2b1f0112ee3d25adc98a436c63755a0_1920x1080,face,gr_sa_juice_nonoise_hey,yes,juice,familiar,high,gr,straight_ahead,no_noise,hey,3,3,4,23,5,26,6,18,6,18,NA,NA,NA,NA,0,8,17,no_gaze,no_noise_no_gaze
shoe,ball,shoe,f2f329f036c021c68d14535d2987b150_1920x1080,face,ol_dl_shoe_noise_hey,yes,shoe,familiar,high,ol,down_left,noise,hey,3,8,4,17,5,15,6,7,6,7,6,18,8,12,0,10,12,gaze,noise_gaze
shoe,ball,ball,f3a95ddd9acc5c9d51ec20d05adb8afa_1920x1080,face,gr_dr_ball_noise_look,yes,ball,familiar,high,gr,down_right,noise,look,3,11,4,24,5,18,6,1,6,1,6,27,8,25,0,10,25,gaze,noise_gaze
cookie,bottle,bottle,f54c64b913024f2f07d4639d3553ee45_1920x1080,face,ol_dr_bottle_noise_look,yes,bottle,familiar,high,ol,down_right,noise,look,3,5,4,19,5,11,5,29,5,29,6,4,8,3,0,10,3,gaze,noise_gaze
ball,shoe,ball,f6023f3fde94fb8084c2019446099d88_1920x1080,face,ol_sa_ball_nonoise_hey,yes,ball,familiar,high,ol,straight_ahead,no_noise,hey,2,25,4,0,5,3,5,19,5,19,NA,NA,NA,NA,0,7,20,no_gaze,no_noise_no_gaze
boat,juice,juice,f608c9e4a2131440626e4d8c26384198_1920x1080,face,ol_dr_juice_nonoise_look,yes,juice,familiar,high,ol,down_right,no_noise,look,3,17,4,28,5,22,6,14,6,14,6,13,8,11,0,10,11,gaze,no_noise_gaze
shoe,ball,ball,f751886f554de8201e1237989bfadad3_1920x1080,face,gr_sa_ball_nonoise_hey,yes,ball,familiar,high,gr,straight_ahead,no_noise,hey,3,8,4,20,5,24,6,8,6,8,NA,NA,NA,NA,0,8,8,no_gaze,no_noise_no_gaze
shoe,ball,ball,f7983d5e3f394e203d4c5eff5185b9e5_1920x1080,face,ol_sa_ball_noise_look,yes,ball,familiar,high,ol,straight_ahead,noise,look,3,19,5,2,5,25,6,11,6,11,NA,NA,NA,NA,0,8,11,no_gaze,noise_no_gaze
juice,boat,boat,f8bd5e6e28afb4eb91459ee3aa56dcbe_1920x1080,face,ol_sa_boat_nonoise_hey,yes,boat,familiar,high,ol,straight_ahead,no_noise,hey,3,4,4,17,5,20,6,5,6,5,NA,NA,NA,NA,0,8,5,no_gaze,no_noise_no_gaze
chicken,bunny,chicken,f8cbebfe3537da0af7c5e1b32edc43c3_1920x1080,face,gr_sa_chicken_noise_look,yes,chicken,familiar,high,gr,straight_ahead,noise,look,3,12,4,25,5,16,6,0,6,0,NA,NA,NA,NA,0,8,0,no_gaze,noise_no_gaze
juice,boat,boat,f8d5ea15d0d3241f09db5b29af924223_1920x1080,face,ol_dr_boat_noise_look,yes,boat,familiar,high,ol,down_right,noise,look,3,17,5,1,5,25,6,12,6,12,6,18,8,9,0,10,9,gaze,noise_gaze
boat,juice,boat,fa9652f0f444930d0462fb5197fb607b_1920x1080,face,ol_dl_boat_noise_hey,yes,boat,familiar,high,ol,down_left,noise,hey,3,12,4,21,5,25,6,9,6,9,6,14,8,11,0,10,11,gaze,noise_gaze
NA,NA,NA,fb9f07cd252defebcc9b1f4d384b161b_1920x1080,face,NA,NA,NA,NA,NA,NA,NA,NA,NA,NA,NA,NA,NA,NA,NA,NA,NA,NA,NA,NA,NA,NA,NA,NA,NA,NA,NA,NA_NA
bunny,chicken,chicken,fbb700d7623f639154916870ce5ecf0c_1920x1080,face,gr_sa_chicken_noise_hey,yes,chicken,familiar,high,gr,straight_ahead,noise,hey,3,3,4,8,5,13,5,28,5,28,NA,NA,NA,NA,0,7,28,no_gaze,noise_no_gaze
ball,shoe,shoe,fc2b388155ea76bc361b25e7c57c0f26_1920x1080,face,gr_sa_shoe_noise_hey,yes,shoe,familiar,high,gr,straight_ahead,noise,hey,3,4,5,0,6,2,6,23,6,23,NA,NA,NA,NA,0,8,22,no_gaze,noise_no_gaze
ball,shoe,ball,fc5a5155faa44679830542eb97dd9ed3_1920x1080,face,gr_dl_ball_noise_look,yes,ball,familiar,high,gr,down_left,noise,look,3,12,4,25,5,19,6,2,6,2,6,28,8,26,0,10,26,gaze,noise_gaze
cookie,bottle,cookie,fcf5d741eb99f26c126295993950fb21_1920x1080,face,ol_dl_cookie_noise_hey,yes,cookie,familiar,high,ol,down_left,noise,hey,3,22,5,7,6,8,6,26,6,26,7,6,9,3,0,11,3,gaze,noise_gaze
ball,shoe,ball,fd716fe5c93f1bc4d0a833af912b4cad_1920x1080,face,ol_dl_ball_nonoise_hey,yes,ball,familiar,high,ol,down_left,no_noise,hey,3,5,4,15,5,17,6,5,6,5,6,16,8,12,0,10,12,gaze,no_noise_gaze
ball,shoe,ball,ff41ee092200b3e61dc39d947e4bc97a_1920x1080,face,gr_sa_ball_noise_hey,yes,ball,familiar,high,gr,straight_ahead,noise,hey,3,8,4,20,5,24,6,8,6,8,NA,NA,NA,NA,0,8,8,no_gaze,noise_no_gaze
bottle,cookie,bottle,ff5f27177593d7c80204b545e2c0976e_1920x1080,face,ol_sa_bottle_nonoise_hey,yes,bottle,familiar,high,ol,straight_ahead,no_noise,hey,3,22,5,2,6,6,6,20,6,20,NA,NA,NA,NA,0,8,20,no_gaze,no_noise_no_gaze
juice,boat,boat,ffc8b6f79429d7e9349c49a75c1b0c55_1920x1080,face,ol_sa_boat_nonoise_look,yes,boat,familiar,high,ol,straight_ahead,no_noise,look,3,15,5,0,5,22,6,9,6,9,NA,NA,NA,NA,0,8,9,no_gaze,no_noise_no_gaze
boat,juice,boat,ffee792fe30a8db229b59f674455e4a8_1920x1080,face,ol_sa_boat_nonoise_look,yes,boat,familiar,high,ol,straight_ahead,no_noise,look,3,15,5,0,5,22,6,9,6,9,NA,NA,NA,NA,0,8,9,no_gaze,no_noise_no_gaze
