stimulus,stimulus_name,trial_num_exp,learning_block,gaze_block,trial_num_gaze_block,trial_num_learn_block,left_image,right_image,target_word,target_side,distractor_image,target_image,carrier_phrase,gaze_direction,gaze_target,trial_type,gaze_condition,speaker,order_name,order_number,finished?,noun,noun_type,frequency,gaze,noise,carrier,sentence_onset_sec,sentence_onset_frames,carrier_onset_sec,carrier_onset_frames,noun_onset_sec,noun_onset_frames,noun_offset_sec,noun_offset_frames,sentence_offset_sec,sentence_offset_frames,gaze_onset_sec,gaze_onset_frames,gaze_offset_sec,gaze_offset_frames,trial_onset,trial_offset_sec,trial_offset_frames,stimulus_type,order_age
24188a4a8010b56ab8ec7d89ca523c41_1920x1080,gr_sa_bosa_nonoise_hey,1,1,1,1,1,Novel10.jpg,Novel22.jpg,bosa,right,Novel10.jpg,Novel22.jpg,hey,straight_ahead,NA,exposure,straight_ahead,grace,nogaze_gaze_gr_ol,1,yes,bosa,novel,none,straight_ahead,no_noise,hey,3,3,4,8,5,10,5,27,5,27,NA,NA,NA,NA,0,7,27,Composite,adult
24188a4a8010b56ab8ec7d89ca523c41_1920x1080,gr_sa_bosa_nonoise_hey,1,1,1,1,1,Novel10.jpg,Novel22.jpg,bosa,right,Novel10.jpg,Novel22.jpg,hey,straight_ahead,NA,exposure,straight_ahead,grace,nogaze_gaze_gr_ol,1,yes,bosa,novel,none,straight_ahead,no_noise,hey,3,3,4,8,5,10,5,27,5,27,NA,NA,NA,NA,0,7,27,Composite,child
c0590f8304863a2c62a3a1606860018f_1920x1080,gr_sa_bosa_nonoise_hey,2,1,1,2,1,Novel22.jpg,Novel15.jpg,bosa,left,Novel15.jpg,Novel22.jpg,hey,straight_ahead,NA,test,straight_ahead,grace,nogaze_gaze_gr_ol,1,yes,bosa,novel,none,straight_ahead,no_noise,hey,3,3,4,8,5,10,5,27,5,27,NA,NA,NA,NA,0,7,27,Composite,adult
c0590f8304863a2c62a3a1606860018f_1920x1080,gr_sa_bosa_nonoise_hey,2,1,1,2,1,Novel22.jpg,Novel15.jpg,bosa,left,Novel15.jpg,Novel22.jpg,hey,straight_ahead,NA,test,straight_ahead,grace,nogaze_gaze_gr_ol,1,yes,bosa,novel,none,straight_ahead,no_noise,hey,3,3,4,8,5,10,5,27,5,27,NA,NA,NA,NA,0,7,27,Composite,child
42118acd7dd4f5ab7d18ace7fd7f4ccf_1920x1080,gr_sa_bosa_nonoise_look,3,1,1,3,2,Novel18.jpg,Novel22.jpg,bosa,right,Novel18.jpg,Novel22.jpg,look,straight_ahead,NA,exposure,straight_ahead,grace,nogaze_gaze_gr_ol,1,yes,bosa,novel,none,straight_ahead,no_noise,look,3,2,4,13,5,5,5,22,5,22,NA,NA,NA,NA,0,7,22,Composite,adult
42118acd7dd4f5ab7d18ace7fd7f4ccf_1920x1080,gr_sa_bosa_nonoise_look,3,1,1,3,2,Novel18.jpg,Novel22.jpg,bosa,right,Novel18.jpg,Novel22.jpg,look,straight_ahead,NA,exposure,straight_ahead,grace,nogaze_gaze_gr_ol,1,yes,bosa,novel,none,straight_ahead,no_noise,look,3,2,4,13,5,5,5,22,5,22,NA,NA,NA,NA,0,7,22,Composite,child
4830de28c71d6173462bb53ebf757049_1920x1080,gr_sa_bosa_nonoise_look,4,1,1,4,2,Novel22.jpg,Novel3.jpg,bosa,left,Novel3.jpg,Novel22.jpg,look,straight_ahead,NA,test,straight_ahead,grace,nogaze_gaze_gr_ol,1,yes,bosa,novel,none,straight_ahead,no_noise,look,3,2,4,13,5,5,5,22,5,22,NA,NA,NA,NA,0,7,22,Composite,adult
4830de28c71d6173462bb53ebf757049_1920x1080,gr_sa_bosa_nonoise_look,4,1,1,4,2,Novel22.jpg,Novel3.jpg,bosa,left,Novel3.jpg,Novel22.jpg,look,straight_ahead,NA,test,straight_ahead,grace,nogaze_gaze_gr_ol,1,yes,bosa,novel,none,straight_ahead,no_noise,look,3,2,4,13,5,5,5,22,5,22,NA,NA,NA,NA,0,7,22,Composite,child
7fee44bd1be51d262545ba13c97ad322_1920x1080,gr_sa_bosa_nonoise_hey,5,1,1,5,3,Novel22.jpg,Novel6.jpg,bosa,left,Novel6.jpg,Novel22.jpg,hey,straight_ahead,NA,exposure,straight_ahead,grace,nogaze_gaze_gr_ol,1,yes,bosa,novel,none,straight_ahead,no_noise,hey,3,3,4,8,5,10,5,27,5,27,NA,NA,NA,NA,0,7,27,Composite,adult
7fee44bd1be51d262545ba13c97ad322_1920x1080,gr_sa_bosa_nonoise_hey,5,1,1,5,3,Novel22.jpg,Novel6.jpg,bosa,left,Novel6.jpg,Novel22.jpg,hey,straight_ahead,NA,exposure,straight_ahead,grace,nogaze_gaze_gr_ol,1,yes,bosa,novel,none,straight_ahead,no_noise,hey,3,3,4,8,5,10,5,27,5,27,NA,NA,NA,NA,0,7,27,Composite,child
4de9452045516e9d50846ef0621f5a29_1920x1080,gr_sa_bosa_nonoise_look,6,1,1,6,3,Novel21.jpg,Novel22.jpg,bosa,right,Novel21.jpg,Novel22.jpg,look,straight_ahead,NA,test,straight_ahead,grace,nogaze_gaze_gr_ol,1,yes,bosa,novel,none,straight_ahead,no_noise,look,3,2,4,13,5,5,5,22,5,22,NA,NA,NA,NA,0,7,22,Composite,adult
4de9452045516e9d50846ef0621f5a29_1920x1080,gr_sa_bosa_nonoise_look,6,1,1,6,3,Novel21.jpg,Novel22.jpg,bosa,right,Novel21.jpg,Novel22.jpg,look,straight_ahead,NA,test,straight_ahead,grace,nogaze_gaze_gr_ol,1,yes,bosa,novel,none,straight_ahead,no_noise,look,3,2,4,13,5,5,5,22,5,22,NA,NA,NA,NA,0,7,22,Composite,child
8b3326790f22defa8b5a0896927dac55_1920x1080,gr_sa_bosa_nonoise_hey,7,1,1,7,4,Novel24.jpg,Novel22.jpg,bosa,right,Novel24.jpg,Novel22.jpg,hey,straight_ahead,NA,exposure,straight_ahead,grace,nogaze_gaze_gr_ol,1,yes,bosa,novel,none,straight_ahead,no_noise,hey,3,3,4,8,5,10,5,27,5,27,NA,NA,NA,NA,0,7,27,Composite,adult
8b3326790f22defa8b5a0896927dac55_1920x1080,gr_sa_bosa_nonoise_hey,7,1,1,7,4,Novel24.jpg,Novel22.jpg,bosa,right,Novel24.jpg,Novel22.jpg,hey,straight_ahead,NA,exposure,straight_ahead,grace,nogaze_gaze_gr_ol,1,yes,bosa,novel,none,straight_ahead,no_noise,hey,3,3,4,8,5,10,5,27,5,27,NA,NA,NA,NA,0,7,27,Composite,child
a9cf3e31ae4f99e93dbadc2771385730_1920x1080,gr_sa_bosa_nonoise_look,8,1,1,8,4,Novel22.jpg,Novel8.jpg,bosa,left,Novel8.jpg,Novel22.jpg,look,straight_ahead,NA,test,straight_ahead,grace,nogaze_gaze_gr_ol,1,yes,bosa,novel,none,straight_ahead,no_noise,look,3,2,4,13,5,5,5,22,5,22,NA,NA,NA,NA,0,7,22,Composite,adult
a9cf3e31ae4f99e93dbadc2771385730_1920x1080,gr_sa_bosa_nonoise_look,8,1,1,8,4,Novel22.jpg,Novel8.jpg,bosa,left,Novel8.jpg,Novel22.jpg,look,straight_ahead,NA,test,straight_ahead,grace,nogaze_gaze_gr_ol,1,yes,bosa,novel,none,straight_ahead,no_noise,look,3,2,4,13,5,5,5,22,5,22,NA,NA,NA,NA,0,7,22,Composite,child
43a216e315e872249692915f6c8855bf_1920x1080,gr_sa_pifo_nonoise_hey,9,2,1,9,1,Novel28.jpg,Novel17.jpg,pifo,right,Novel28.jpg,Novel17.jpg,hey,straight_ahead,NA,exposure,straight_ahead,grace,nogaze_gaze_gr_ol,1,yes,pifo,novel,none,straight_ahead,no_noise,hey,2,27,4,1,5,3,5,20,5,20,NA,NA,NA,NA,0,7,20,Composite,adult
43a216e315e872249692915f6c8855bf_1920x1080,gr_sa_pifo_nonoise_hey,9,2,1,9,1,Novel28.jpg,Novel17.jpg,pifo,right,Novel28.jpg,Novel17.jpg,hey,straight_ahead,NA,exposure,straight_ahead,grace,nogaze_gaze_gr_ol,1,yes,pifo,novel,none,straight_ahead,no_noise,hey,2,27,4,1,5,3,5,20,5,20,NA,NA,NA,NA,0,7,20,Composite,child
52af4b4cb37baaabf15a649b10d988f3_1920x1080,gr_sa_pifo_nonoise_hey,10,2,1,10,1,Novel17.jpg,Novel20.jpg,pifo,left,Novel20.jpg,Novel17.jpg,hey,straight_ahead,NA,test,straight_ahead,grace,nogaze_gaze_gr_ol,1,yes,pifo,novel,none,straight_ahead,no_noise,hey,2,27,4,1,5,3,5,20,5,20,NA,NA,NA,NA,0,7,20,Composite,adult
52af4b4cb37baaabf15a649b10d988f3_1920x1080,gr_sa_pifo_nonoise_hey,10,2,1,10,1,Novel17.jpg,Novel20.jpg,pifo,left,Novel20.jpg,Novel17.jpg,hey,straight_ahead,NA,test,straight_ahead,grace,nogaze_gaze_gr_ol,1,yes,pifo,novel,none,straight_ahead,no_noise,hey,2,27,4,1,5,3,5,20,5,20,NA,NA,NA,NA,0,7,20,Composite,child
385d4a41004a4ec351f3db3fb984828f_1920x1080,gr_sa_pifo_nonoise_look,11,2,1,11,2,Novel4.jpg,Novel17.jpg,pifo,right,Novel4.jpg,Novel17.jpg,look,straight_ahead,NA,exposure,straight_ahead,grace,nogaze_gaze_gr_ol,1,yes,pifo,novel,none,straight_ahead,no_noise,look,3,5,4,11,5,1,5,20,5,20,NA,NA,NA,NA,0,7,20,Composite,adult
385d4a41004a4ec351f3db3fb984828f_1920x1080,gr_sa_pifo_nonoise_look,11,2,1,11,2,Novel4.jpg,Novel17.jpg,pifo,right,Novel4.jpg,Novel17.jpg,look,straight_ahead,NA,exposure,straight_ahead,grace,nogaze_gaze_gr_ol,1,yes,pifo,novel,none,straight_ahead,no_noise,look,3,5,4,11,5,1,5,20,5,20,NA,NA,NA,NA,0,7,20,Composite,child
3eb94893b2790277f195722daa33953f_1920x1080,gr_sa_pifo_nonoise_look,12,2,1,12,2,Novel17.jpg,Novel12.jpg,pifo,left,Novel12.jpg,Novel17.jpg,look,straight_ahead,NA,test,straight_ahead,grace,nogaze_gaze_gr_ol,1,yes,pifo,novel,none,straight_ahead,no_noise,look,3,5,4,11,5,1,5,20,5,20,NA,NA,NA,NA,0,7,20,Composite,adult
3eb94893b2790277f195722daa33953f_1920x1080,gr_sa_pifo_nonoise_look,12,2,1,12,2,Novel17.jpg,Novel12.jpg,pifo,left,Novel12.jpg,Novel17.jpg,look,straight_ahead,NA,test,straight_ahead,grace,nogaze_gaze_gr_ol,1,yes,pifo,novel,none,straight_ahead,no_noise,look,3,5,4,11,5,1,5,20,5,20,NA,NA,NA,NA,0,7,20,Composite,child
3af68d7a536f2c1b2975c4c3b0191060_1920x1080,gr_sa_pifo_nonoise_hey,13,2,1,13,3,Novel17.jpg,Novel19.jpg,pifo,left,Novel19.jpg,Novel17.jpg,hey,straight_ahead,NA,exposure,straight_ahead,grace,nogaze_gaze_gr_ol,1,yes,pifo,novel,none,straight_ahead,no_noise,hey,2,27,4,1,5,3,5,20,5,20,NA,NA,NA,NA,0,7,20,Composite,adult
3af68d7a536f2c1b2975c4c3b0191060_1920x1080,gr_sa_pifo_nonoise_hey,13,2,1,13,3,Novel17.jpg,Novel19.jpg,pifo,left,Novel19.jpg,Novel17.jpg,hey,straight_ahead,NA,exposure,straight_ahead,grace,nogaze_gaze_gr_ol,1,yes,pifo,novel,none,straight_ahead,no_noise,hey,2,27,4,1,5,3,5,20,5,20,NA,NA,NA,NA,0,7,20,Composite,child
e665af1efd3cd14c2e30efe032b41af8_1920x1080,gr_sa_pifo_nonoise_look,14,2,1,14,3,Novel23.jpg,Novel17.jpg,pifo,right,Novel23.jpg,Novel17.jpg,look,straight_ahead,NA,test,straight_ahead,grace,nogaze_gaze_gr_ol,1,yes,pifo,novel,none,straight_ahead,no_noise,look,3,5,4,11,5,1,5,20,5,20,NA,NA,NA,NA,0,7,20,Composite,adult
e665af1efd3cd14c2e30efe032b41af8_1920x1080,gr_sa_pifo_nonoise_look,14,2,1,14,3,Novel23.jpg,Novel17.jpg,pifo,right,Novel23.jpg,Novel17.jpg,look,straight_ahead,NA,test,straight_ahead,grace,nogaze_gaze_gr_ol,1,yes,pifo,novel,none,straight_ahead,no_noise,look,3,5,4,11,5,1,5,20,5,20,NA,NA,NA,NA,0,7,20,Composite,child
d9311119d64539207f4f6424b8c2f912_1920x1080,gr_sa_pifo_nonoise_hey,15,2,1,15,4,Novel14.jpg,Novel17.jpg,pifo,right,Novel14.jpg,Novel17.jpg,hey,straight_ahead,NA,exposure,straight_ahead,grace,nogaze_gaze_gr_ol,1,yes,pifo,novel,none,straight_ahead,no_noise,hey,2,27,4,1,5,3,5,20,5,20,NA,NA,NA,NA,0,7,20,Composite,adult
d9311119d64539207f4f6424b8c2f912_1920x1080,gr_sa_pifo_nonoise_hey,15,2,1,15,4,Novel14.jpg,Novel17.jpg,pifo,right,Novel14.jpg,Novel17.jpg,hey,straight_ahead,NA,exposure,straight_ahead,grace,nogaze_gaze_gr_ol,1,yes,pifo,novel,none,straight_ahead,no_noise,hey,2,27,4,1,5,3,5,20,5,20,NA,NA,NA,NA,0,7,20,Composite,child
fd7bc4e0dd93754c41d52cec8ccde185_1920x1080,gr_sa_pifo_nonoise_look,16,2,1,16,4,Novel17.jpg,Novel1.jpg,pifo,left,Novel1.jpg,Novel17.jpg,look,straight_ahead,NA,test,straight_ahead,grace,nogaze_gaze_gr_ol,1,yes,pifo,novel,none,straight_ahead,no_noise,look,3,5,4,11,5,1,5,20,5,20,NA,NA,NA,NA,0,7,20,Composite,adult
fd7bc4e0dd93754c41d52cec8ccde185_1920x1080,gr_sa_pifo_nonoise_look,16,2,1,16,4,Novel17.jpg,Novel1.jpg,pifo,left,Novel1.jpg,Novel17.jpg,look,straight_ahead,NA,test,straight_ahead,grace,nogaze_gaze_gr_ol,1,yes,pifo,novel,none,straight_ahead,no_noise,look,3,5,4,11,5,1,5,20,5,20,NA,NA,NA,NA,0,7,20,Composite,child
d3582837879af47ac0bb7329be17a83a_1920x1080,ol_dr_modi_nonoise_hey,17,3,2,1,1,Novel13.jpg,Novel2.jpg,modi,right,Novel13.jpg,Novel2.jpg,hey,right,modi,exposure,gaze,olivia,nogaze_gaze_gr_ol,1,yes,modi,novel,none,down_right,no_noise,hey,3,0,4,11,5,11,6,1,6,1,6,10,9,0,0,11,18,Composite,adult
0e779f9026c4158d39f67be74eeef67a_1920x1080,ol_dr_modi_nonoise_hey,17,3,2,1,1,Novel13.jpg,Novel2.jpg,modi,right,Novel13.jpg,Novel2.jpg,hey,right,modi,exposure,gaze,olivia,nogaze_gaze_gr_ol,1,yes,modi,novel,none,down_right,no_noise,hey,3,0,4,11,5,11,6,1,6,1,6,10,9,0,0,11,18,Composite,child
a8de0cac8adb844afb2687d781a82423_1920x1080,ol_sa_modi_nonoise_hey,18,3,2,2,1,Novel2.jpg,Novel6.jpg,modi,left,Novel6.jpg,Novel2.jpg,hey,straight_ahead,NA,test,gaze,olivia,nogaze_gaze_gr_ol,1,yes,modi,novel,none,straight_ahead,no_noise,hey,2,26,4,3,5,1,5,19,5,19,NA,NA,NA,NA,0,7,20,Composite,adult
a8de0cac8adb844afb2687d781a82423_1920x1080,ol_sa_modi_nonoise_hey,18,3,2,2,1,Novel2.jpg,Novel6.jpg,modi,left,Novel6.jpg,Novel2.jpg,hey,straight_ahead,NA,test,gaze,olivia,nogaze_gaze_gr_ol,1,yes,modi,novel,none,straight_ahead,no_noise,hey,2,26,4,3,5,1,5,19,5,19,NA,NA,NA,NA,0,7,20,Composite,child
bfcfc4133c93812e7767481729747375_1920x1080,ol_dr_modi_nonoise_look,19,3,2,3,2,Novel19.jpg,Novel2.jpg,modi,right,Novel19.jpg,Novel2.jpg,look,right,modi,exposure,gaze,olivia,nogaze_gaze_gr_ol,1,yes,modi,novel,none,down_right,no_noise,look,3,11,4,25,5,13,6,4,6,4,6,12,8,12,0,10,22,Composite,adult
677d254a022e389e3b41d3a3f4572208_1920x1080,ol_dr_modi_nonoise_look,19,3,2,3,2,Novel19.jpg,Novel2.jpg,modi,right,Novel19.jpg,Novel2.jpg,look,right,modi,exposure,gaze,olivia,nogaze_gaze_gr_ol,1,yes,modi,novel,none,down_right,no_noise,look,3,11,4,25,5,13,6,4,6,4,6,12,8,12,0,10,22,Composite,child
fcf4e6d237d5cdac5c191f4d07d89d65_1920x1080,ol_sa_modi_nonoise_look,20,3,2,4,2,Novel2.jpg,Novel27.jpg,modi,left,Novel27.jpg,Novel2.jpg,look,straight_ahead,NA,test,gaze,olivia,nogaze_gaze_gr_ol,1,yes,modi,novel,none,straight_ahead,no_noise,look,2,29,4,11,4,28,5,16,5,16,NA,NA,NA,NA,0,7,16,Composite,adult
fcf4e6d237d5cdac5c191f4d07d89d65_1920x1080,ol_sa_modi_nonoise_look,20,3,2,4,2,Novel2.jpg,Novel27.jpg,modi,left,Novel27.jpg,Novel2.jpg,look,straight_ahead,NA,test,gaze,olivia,nogaze_gaze_gr_ol,1,yes,modi,novel,none,straight_ahead,no_noise,look,2,29,4,11,4,28,5,16,5,16,NA,NA,NA,NA,0,7,16,Composite,child
7bd7d708f94bce6d23ad5edf56a48326_1920x1080,ol_dl_modi_nonoise_hey,21,3,2,5,3,Novel2.jpg,Novel28.jpg,modi,left,Novel28.jpg,Novel2.jpg,hey,left,modi,exposure,gaze,olivia,nogaze_gaze_gr_ol,1,yes,modi,novel,none,down_left,no_noise,hey,3,0,4,11,5,11,6,1,6,1,6,10,9,0,0,11,18,Composite,adult
79ed1ab75aea5a3d969379e466b16fb2_1920x1080,ol_dl_modi_nonoise_hey,21,3,2,5,3,Novel2.jpg,Novel28.jpg,modi,left,Novel28.jpg,Novel2.jpg,hey,left,modi,exposure,gaze,olivia,nogaze_gaze_gr_ol,1,yes,modi,novel,none,down_left,no_noise,hey,3,0,4,11,5,11,6,1,6,1,6,10,9,0,0,11,18,Composite,child
9a46d64cda6ebaf23ffeab9af7a152b3_1920x1080,ol_sa_modi_nonoise_look,22,3,2,6,3,Novel4.jpg,Novel2.jpg,modi,right,Novel4.jpg,Novel2.jpg,look,straight_ahead,NA,test,gaze,olivia,nogaze_gaze_gr_ol,1,yes,modi,novel,none,straight_ahead,no_noise,look,2,29,4,11,4,28,5,16,5,16,NA,NA,NA,NA,0,7,16,Composite,adult
9a46d64cda6ebaf23ffeab9af7a152b3_1920x1080,ol_sa_modi_nonoise_look,22,3,2,6,3,Novel4.jpg,Novel2.jpg,modi,right,Novel4.jpg,Novel2.jpg,look,straight_ahead,NA,test,gaze,olivia,nogaze_gaze_gr_ol,1,yes,modi,novel,none,straight_ahead,no_noise,look,2,29,4,11,4,28,5,16,5,16,NA,NA,NA,NA,0,7,16,Composite,child
ff2dcf103dc584ee430d7f69e50ae9e0_1920x1080,ol_dr_modi_nonoise_hey,23,3,2,7,4,Novel23.jpg,Novel2.jpg,modi,right,Novel23.jpg,Novel2.jpg,hey,right,modi,exposure,gaze,olivia,nogaze_gaze_gr_ol,1,yes,modi,novel,none,down_right,no_noise,hey,3,0,4,11,5,11,6,1,6,1,6,10,9,0,0,11,18,Composite,adult
c16406d774cfce622732c8622b464c38_1920x1080,ol_dr_modi_nonoise_hey,23,3,2,7,4,Novel23.jpg,Novel2.jpg,modi,right,Novel23.jpg,Novel2.jpg,hey,right,modi,exposure,gaze,olivia,nogaze_gaze_gr_ol,1,yes,modi,novel,none,down_right,no_noise,hey,3,0,4,11,5,11,6,1,6,1,6,10,9,0,0,11,18,Composite,child
9b25d5ca647c9903830be8c4e27317d0_1920x1080,ol_sa_modi_nonoise_look,24,3,2,8,4,Novel2.jpg,Novel18.jpg,modi,left,Novel18.jpg,Novel2.jpg,look,straight_ahead,NA,test,gaze,olivia,nogaze_gaze_gr_ol,1,yes,modi,novel,none,straight_ahead,no_noise,look,2,29,4,11,4,28,5,16,5,16,NA,NA,NA,NA,0,7,16,Composite,adult
9b25d5ca647c9903830be8c4e27317d0_1920x1080,ol_sa_modi_nonoise_look,24,3,2,8,4,Novel2.jpg,Novel18.jpg,modi,left,Novel18.jpg,Novel2.jpg,look,straight_ahead,NA,test,gaze,olivia,nogaze_gaze_gr_ol,1,yes,modi,novel,none,straight_ahead,no_noise,look,2,29,4,11,4,28,5,16,5,16,NA,NA,NA,NA,0,7,16,Composite,child
54ca567a1676de717314bbd4c96cccbb_1920x1080,ol_dr_toma_nonoise_hey,25,4,2,9,1,Novel9.jpg,Novel25.jpg,toma,right,Novel9.jpg,Novel25.jpg,hey,right,toma,exposure,gaze,olivia,nogaze_gaze_gr_ol,1,yes,toma,novel,none,down_right,no_noise,hey,3,2,4,12,5,13,6,3,6,3,6,13,8,19,0,11,13,Composite,adult
6bea988f4e457fbf5542964916522fce_1920x1080,ol_dr_toma_nonoise_hey,25,4,2,9,1,Novel9.jpg,Novel25.jpg,toma,right,Novel9.jpg,Novel25.jpg,hey,right,toma,exposure,gaze,olivia,nogaze_gaze_gr_ol,1,yes,toma,novel,none,down_right,no_noise,hey,3,2,4,12,5,13,6,3,6,3,6,13,8,19,0,11,13,Composite,child
f1ac85070a1d4aeaca7258eca6b05ed4_1920x1080,ol_sa_toma_nonoise_hey,26,4,2,10,1,Novel25.jpg,Novel12.jpg,toma,left,Novel12.jpg,Novel25.jpg,hey,straight_ahead,NA,test,gaze,olivia,nogaze_gaze_gr_ol,1,yes,toma,novel,none,straight_ahead,no_noise,hey,3,1,4,8,5,10,5,28,5,28,NA,NA,NA,NA,0,9,13,Composite,adult
577f39604f96d95087e5d3979c422e05_1920x1080,ol_sa_toma_nonoise_hey,26,4,2,10,1,Novel25.jpg,Novel12.jpg,toma,left,Novel12.jpg,Novel25.jpg,hey,straight_ahead,NA,test,gaze,olivia,nogaze_gaze_gr_ol,1,yes,toma,novel,none,straight_ahead,no_noise,hey,3,1,4,8,5,10,5,28,5,28,NA,NA,NA,NA,0,9,13,Composite,child
19f002bf7fa9aab067656a64451a8644_1920x1080,ol_dr_toma_nonoise_look,27,4,2,11,2,Novel1.jpg,Novel25.jpg,toma,right,Novel1.jpg,Novel25.jpg,look,right,toma,exposure,gaze,olivia,nogaze_gaze_gr_ol,1,yes,toma,novel,none,down_right,no_noise,look,3,9,4,24,5,14,6,4,6,4,6,10,8,16,0,10,29,Composite,adult
b05c5ce8cfe1528d9fa4cd1b8d8be741_1920x1080,ol_dr_toma_nonoise_look,27,4,2,11,2,Novel1.jpg,Novel25.jpg,toma,right,Novel1.jpg,Novel25.jpg,look,right,toma,exposure,gaze,olivia,nogaze_gaze_gr_ol,1,yes,toma,novel,none,down_right,no_noise,look,3,9,4,24,5,14,6,4,6,4,6,10,8,16,0,10,29,Composite,child
8319487c3eb415cc0e326be55a918825_1920x1080,ol_sa_toma_nonoise_look,28,4,2,12,2,Novel25.jpg,Novel7.jpg,toma,left,Novel7.jpg,Novel25.jpg,look,straight_ahead,NA,test,gaze,olivia,nogaze_gaze_gr_ol,1,yes,toma,novel,none,straight_ahead,no_noise,look,3,3,4,11,5,4,5,23,5,23,NA,NA,NA,NA,0,8,24,Composite,adult
6a6bfbd9442e0698198f8e6cd3263b60_1920x1080,ol_sa_toma_nonoise_look,28,4,2,12,2,Novel25.jpg,Novel7.jpg,toma,left,Novel7.jpg,Novel25.jpg,look,straight_ahead,NA,test,gaze,olivia,nogaze_gaze_gr_ol,1,yes,toma,novel,none,straight_ahead,no_noise,look,3,3,4,11,5,4,5,23,5,23,NA,NA,NA,NA,0,8,24,Composite,child
37353a7d1c2a3361117b7aa1996b9f53_1920x1080,ol_dl_toma_nonoise_hey,29,4,2,13,3,Novel25.jpg,Novel11.jpg,toma,left,Novel11.jpg,Novel25.jpg,hey,left,toma,exposure,gaze,olivia,nogaze_gaze_gr_ol,1,yes,toma,novel,none,down_left,no_noise,hey,3,2,4,12,5,13,6,3,6,3,6,13,8,19,0,11,13,Composite,adult
149072dff13b88f422e5b3898cb3fdab_1920x1080,ol_dl_toma_nonoise_hey,29,4,2,13,3,Novel25.jpg,Novel11.jpg,toma,left,Novel11.jpg,Novel25.jpg,hey,left,toma,exposure,gaze,olivia,nogaze_gaze_gr_ol,1,yes,toma,novel,none,down_left,no_noise,hey,3,2,4,12,5,13,6,3,6,3,6,13,8,19,0,11,13,Composite,child
c9924abb45d6489af257be54ed445f73_1920x1080,ol_sa_toma_nonoise_look,30,4,2,14,3,Novel10.jpg,Novel25.jpg,toma,right,Novel10.jpg,Novel25.jpg,look,straight_ahead,NA,test,gaze,olivia,nogaze_gaze_gr_ol,1,yes,toma,novel,none,straight_ahead,no_noise,look,3,3,4,11,5,4,5,23,5,23,NA,NA,NA,NA,0,8,24,Composite,adult
c146e7084107d3b8705c63d3bd4a2edd_1920x1080,ol_sa_toma_nonoise_look,30,4,2,14,3,Novel10.jpg,Novel25.jpg,toma,right,Novel10.jpg,Novel25.jpg,look,straight_ahead,NA,test,gaze,olivia,nogaze_gaze_gr_ol,1,yes,toma,novel,none,straight_ahead,no_noise,look,3,3,4,11,5,4,5,23,5,23,NA,NA,NA,NA,0,8,24,Composite,child
a4fe7cc9246f9e48fc00349f9da6dd69_1920x1080,ol_dr_toma_nonoise_hey,31,4,2,15,4,Novel24.jpg,Novel25.jpg,toma,right,Novel24.jpg,Novel25.jpg,hey,right,toma,exposure,gaze,olivia,nogaze_gaze_gr_ol,1,yes,toma,novel,none,down_right,no_noise,hey,3,2,4,12,5,13,6,3,6,3,6,13,8,19,0,11,13,Composite,adult
890740a06099a589d71ed83e7d6c926c_1920x1080,ol_dr_toma_nonoise_hey,31,4,2,15,4,Novel24.jpg,Novel25.jpg,toma,right,Novel24.jpg,Novel25.jpg,hey,right,toma,exposure,gaze,olivia,nogaze_gaze_gr_ol,1,yes,toma,novel,none,down_right,no_noise,hey,3,2,4,12,5,13,6,3,6,3,6,13,8,19,0,11,13,Composite,child
098f05b649a52f4ba519acfc3a94a494_1920x1080,ol_sa_toma_nonoise_look,32,4,2,16,4,Novel25.jpg,Novel8.jpg,toma,left,Novel8.jpg,Novel25.jpg,look,straight_ahead,NA,test,gaze,olivia,nogaze_gaze_gr_ol,1,yes,toma,novel,none,straight_ahead,no_noise,look,3,3,4,11,5,4,5,23,5,23,NA,NA,NA,NA,0,8,24,Composite,adult
790645ac50ee49758c47b7406f10e178_1920x1080,ol_sa_toma_nonoise_look,32,4,2,16,4,Novel25.jpg,Novel8.jpg,toma,left,Novel8.jpg,Novel25.jpg,look,straight_ahead,NA,test,gaze,olivia,nogaze_gaze_gr_ol,1,yes,toma,novel,none,straight_ahead,no_noise,look,3,3,4,11,5,4,5,23,5,23,NA,NA,NA,NA,0,8,24,Composite,child
b7c194e65389b822fd679ffa219da225_1920x1080,ol_sa_modi_nonoise_hey,1,1,1,1,1,Novel12.jpg,Novel16.jpg,modi,right,Novel12.jpg,Novel16.jpg,hey,straight_ahead,NA,exposure,straight_ahead,olivia,nogaze_gaze_ol_gr,2,yes,modi,novel,none,straight_ahead,no_noise,hey,2,26,4,3,5,1,5,19,5,19,NA,NA,NA,NA,0,7,20,Composite,adult
b7c194e65389b822fd679ffa219da225_1920x1080,ol_sa_modi_nonoise_hey,1,1,1,1,1,Novel12.jpg,Novel16.jpg,modi,right,Novel12.jpg,Novel16.jpg,hey,straight_ahead,NA,exposure,straight_ahead,olivia,nogaze_gaze_ol_gr,2,yes,modi,novel,none,straight_ahead,no_noise,hey,2,26,4,3,5,1,5,19,5,19,NA,NA,NA,NA,0,7,20,Composite,child
b8c20806a8bdfb79cbfc7405357bfea5_1920x1080,ol_sa_modi_nonoise_hey,2,1,1,2,1,Novel16.jpg,Novel3.jpg,modi,left,Novel3.jpg,Novel16.jpg,hey,straight_ahead,NA,test,straight_ahead,olivia,nogaze_gaze_ol_gr,2,yes,modi,novel,none,straight_ahead,no_noise,hey,2,26,4,3,5,1,5,19,5,19,NA,NA,NA,NA,0,7,20,Composite,adult
b8c20806a8bdfb79cbfc7405357bfea5_1920x1080,ol_sa_modi_nonoise_hey,2,1,1,2,1,Novel16.jpg,Novel3.jpg,modi,left,Novel3.jpg,Novel16.jpg,hey,straight_ahead,NA,test,straight_ahead,olivia,nogaze_gaze_ol_gr,2,yes,modi,novel,none,straight_ahead,no_noise,hey,2,26,4,3,5,1,5,19,5,19,NA,NA,NA,NA,0,7,20,Composite,child
b307c671f9a585bb832e959ef00a0665_1920x1080,ol_sa_modi_nonoise_look,3,1,1,3,2,Novel19.jpg,Novel16.jpg,modi,right,Novel19.jpg,Novel16.jpg,look,straight_ahead,NA,exposure,straight_ahead,olivia,nogaze_gaze_ol_gr,2,yes,modi,novel,none,straight_ahead,no_noise,look,2,29,4,11,4,28,5,16,5,16,NA,NA,NA,NA,0,7,16,Composite,adult
b307c671f9a585bb832e959ef00a0665_1920x1080,ol_sa_modi_nonoise_look,3,1,1,3,2,Novel19.jpg,Novel16.jpg,modi,right,Novel19.jpg,Novel16.jpg,look,straight_ahead,NA,exposure,straight_ahead,olivia,nogaze_gaze_ol_gr,2,yes,modi,novel,none,straight_ahead,no_noise,look,2,29,4,11,4,28,5,16,5,16,NA,NA,NA,NA,0,7,16,Composite,child
cd0b88c8c45e04f6c32578224879c3be_1920x1080,ol_sa_modi_nonoise_look,4,1,1,4,2,Novel16.jpg,Novel4.jpg,modi,left,Novel4.jpg,Novel16.jpg,look,straight_ahead,NA,test,straight_ahead,olivia,nogaze_gaze_ol_gr,2,yes,modi,novel,none,straight_ahead,no_noise,look,2,29,4,11,4,28,5,16,5,16,NA,NA,NA,NA,0,7,16,Composite,adult
cd0b88c8c45e04f6c32578224879c3be_1920x1080,ol_sa_modi_nonoise_look,4,1,1,4,2,Novel16.jpg,Novel4.jpg,modi,left,Novel4.jpg,Novel16.jpg,look,straight_ahead,NA,test,straight_ahead,olivia,nogaze_gaze_ol_gr,2,yes,modi,novel,none,straight_ahead,no_noise,look,2,29,4,11,4,28,5,16,5,16,NA,NA,NA,NA,0,7,16,Composite,child
0a06898216ee60b8294689bd9d857bef_1920x1080,ol_sa_modi_nonoise_hey,5,1,1,5,3,Novel16.jpg,Novel14.jpg,modi,left,Novel14.jpg,Novel16.jpg,hey,straight_ahead,NA,exposure,straight_ahead,olivia,nogaze_gaze_ol_gr,2,yes,modi,novel,none,straight_ahead,no_noise,hey,2,26,4,3,5,1,5,19,5,19,NA,NA,NA,NA,0,7,20,Composite,adult
0a06898216ee60b8294689bd9d857bef_1920x1080,ol_sa_modi_nonoise_hey,5,1,1,5,3,Novel16.jpg,Novel14.jpg,modi,left,Novel14.jpg,Novel16.jpg,hey,straight_ahead,NA,exposure,straight_ahead,olivia,nogaze_gaze_ol_gr,2,yes,modi,novel,none,straight_ahead,no_noise,hey,2,26,4,3,5,1,5,19,5,19,NA,NA,NA,NA,0,7,20,Composite,child
b55547096228e59e107ff59bd35a8240_1920x1080,ol_sa_modi_nonoise_hey,6,1,1,6,3,Novel16.jpg,Novel2.jpg,modi,left,Novel2.jpg,Novel16.jpg,hey,straight_ahead,NA,test,straight_ahead,olivia,nogaze_gaze_ol_gr,2,yes,modi,novel,none,straight_ahead,no_noise,hey,2,26,4,3,5,1,5,19,5,19,NA,NA,NA,NA,0,7,20,Composite,adult
b55547096228e59e107ff59bd35a8240_1920x1080,ol_sa_modi_nonoise_hey,6,1,1,6,3,Novel16.jpg,Novel2.jpg,modi,left,Novel2.jpg,Novel16.jpg,hey,straight_ahead,NA,test,straight_ahead,olivia,nogaze_gaze_ol_gr,2,yes,modi,novel,none,straight_ahead,no_noise,hey,2,26,4,3,5,1,5,19,5,19,NA,NA,NA,NA,0,7,20,Composite,child
04124e661848b182fbd0397a463de44a_1920x1080,ol_sa_modi_nonoise_look,7,1,1,7,4,Novel13.jpg,Novel16.jpg,modi,right,Novel13.jpg,Novel16.jpg,look,straight_ahead,NA,exposure,straight_ahead,olivia,nogaze_gaze_ol_gr,2,yes,modi,novel,none,straight_ahead,no_noise,look,2,29,4,11,4,28,5,16,5,16,NA,NA,NA,NA,0,7,16,Composite,adult
04124e661848b182fbd0397a463de44a_1920x1080,ol_sa_modi_nonoise_look,7,1,1,7,4,Novel13.jpg,Novel16.jpg,modi,right,Novel13.jpg,Novel16.jpg,look,straight_ahead,NA,exposure,straight_ahead,olivia,nogaze_gaze_ol_gr,2,yes,modi,novel,none,straight_ahead,no_noise,look,2,29,4,11,4,28,5,16,5,16,NA,NA,NA,NA,0,7,16,Composite,child
1b3bb307449e6a579ab8573807e1179f_1920x1080,ol_sa_modi_nonoise_look,8,1,1,8,4,Novel20.jpg,Novel16.jpg,modi,right,Novel20.jpg,Novel16.jpg,look,straight_ahead,NA,test,straight_ahead,olivia,nogaze_gaze_ol_gr,2,yes,modi,novel,none,straight_ahead,no_noise,look,2,29,4,11,4,28,5,16,5,16,NA,NA,NA,NA,0,7,16,Composite,adult
1b3bb307449e6a579ab8573807e1179f_1920x1080,ol_sa_modi_nonoise_look,8,1,1,8,4,Novel20.jpg,Novel16.jpg,modi,right,Novel20.jpg,Novel16.jpg,look,straight_ahead,NA,test,straight_ahead,olivia,nogaze_gaze_ol_gr,2,yes,modi,novel,none,straight_ahead,no_noise,look,2,29,4,11,4,28,5,16,5,16,NA,NA,NA,NA,0,7,16,Composite,child
aed6fb4909863f2eda63642d81d484be_1920x1080,ol_sa_toma_nonoise_hey,9,2,1,9,1,Novel6.jpg,Novel8.jpg,toma,right,Novel6.jpg,Novel8.jpg,hey,straight_ahead,NA,exposure,straight_ahead,olivia,nogaze_gaze_ol_gr,2,yes,toma,novel,none,straight_ahead,no_noise,hey,3,1,4,8,5,10,5,28,5,28,NA,NA,NA,NA,0,9,13,Composite,adult
aed6fb4909863f2eda63642d81d484be_1920x1080,ol_sa_toma_nonoise_hey,9,2,1,9,1,Novel6.jpg,Novel8.jpg,toma,right,Novel6.jpg,Novel8.jpg,hey,straight_ahead,NA,exposure,straight_ahead,olivia,nogaze_gaze_ol_gr,2,yes,toma,novel,none,straight_ahead,no_noise,hey,3,1,4,8,5,10,5,28,5,28,NA,NA,NA,NA,0,9,13,Composite,child
188cbff176f45747f0997e0052469989_1920x1080,ol_sa_toma_nonoise_hey,10,2,1,10,1,Novel8.jpg,Novel26.jpg,toma,left,Novel26.jpg,Novel8.jpg,hey,straight_ahead,NA,test,straight_ahead,olivia,nogaze_gaze_ol_gr,2,yes,toma,novel,none,straight_ahead,no_noise,hey,3,1,4,8,5,10,5,28,5,28,NA,NA,NA,NA,0,9,13,Composite,adult
188cbff176f45747f0997e0052469989_1920x1080,ol_sa_toma_nonoise_hey,10,2,1,10,1,Novel8.jpg,Novel26.jpg,toma,left,Novel26.jpg,Novel8.jpg,hey,straight_ahead,NA,test,straight_ahead,olivia,nogaze_gaze_ol_gr,2,yes,toma,novel,none,straight_ahead,no_noise,hey,3,1,4,8,5,10,5,28,5,28,NA,NA,NA,NA,0,9,13,Composite,child
5da256608a83d7ce40a2951ff2c1fb53_1920x1080,ol_sa_toma_nonoise_look,11,2,1,11,2,Novel17.jpg,Novel8.jpg,toma,right,Novel17.jpg,Novel8.jpg,look,straight_ahead,NA,exposure,straight_ahead,olivia,nogaze_gaze_ol_gr,2,yes,toma,novel,none,straight_ahead,no_noise,look,3,3,4,11,5,4,5,23,5,23,NA,NA,NA,NA,0,8,24,Composite,adult
5da256608a83d7ce40a2951ff2c1fb53_1920x1080,ol_sa_toma_nonoise_look,11,2,1,11,2,Novel17.jpg,Novel8.jpg,toma,right,Novel17.jpg,Novel8.jpg,look,straight_ahead,NA,exposure,straight_ahead,olivia,nogaze_gaze_ol_gr,2,yes,toma,novel,none,straight_ahead,no_noise,look,3,3,4,11,5,4,5,23,5,23,NA,NA,NA,NA,0,8,24,Composite,child
0e80eaf59a20c4fa819f284c1349f98f_1920x1080,ol_sa_toma_nonoise_look,12,2,1,12,2,Novel8.jpg,Novel18.jpg,toma,left,Novel18.jpg,Novel8.jpg,look,straight_ahead,NA,test,straight_ahead,olivia,nogaze_gaze_ol_gr,2,yes,toma,novel,none,straight_ahead,no_noise,look,3,3,4,11,5,4,5,23,5,23,NA,NA,NA,NA,0,8,24,Composite,adult
0e80eaf59a20c4fa819f284c1349f98f_1920x1080,ol_sa_toma_nonoise_look,12,2,1,12,2,Novel8.jpg,Novel18.jpg,toma,left,Novel18.jpg,Novel8.jpg,look,straight_ahead,NA,test,straight_ahead,olivia,nogaze_gaze_ol_gr,2,yes,toma,novel,none,straight_ahead,no_noise,look,3,3,4,11,5,4,5,23,5,23,NA,NA,NA,NA,0,8,24,Composite,child
60acb87f6a3488e8071629d7e06ef8b2_1920x1080,ol_sa_toma_nonoise_hey,13,2,1,13,3,Novel8.jpg,Novel1.jpg,toma,left,Novel1.jpg,Novel8.jpg,hey,straight_ahead,NA,exposure,straight_ahead,olivia,nogaze_gaze_ol_gr,2,yes,toma,novel,none,straight_ahead,no_noise,hey,3,1,4,8,5,10,5,28,5,28,NA,NA,NA,NA,0,9,13,Composite,adult
60acb87f6a3488e8071629d7e06ef8b2_1920x1080,ol_sa_toma_nonoise_hey,13,2,1,13,3,Novel8.jpg,Novel1.jpg,toma,left,Novel1.jpg,Novel8.jpg,hey,straight_ahead,NA,exposure,straight_ahead,olivia,nogaze_gaze_ol_gr,2,yes,toma,novel,none,straight_ahead,no_noise,hey,3,1,4,8,5,10,5,28,5,28,NA,NA,NA,NA,0,9,13,Composite,child
62d37789dd4357b8c2250e9d97c6799f_1920x1080,ol_sa_toma_nonoise_hey,14,2,1,14,3,Novel8.jpg,Novel10.jpg,toma,left,Novel10.jpg,Novel8.jpg,hey,straight_ahead,NA,test,straight_ahead,olivia,nogaze_gaze_ol_gr,2,yes,toma,novel,none,straight_ahead,no_noise,hey,3,1,4,8,5,10,5,28,5,28,NA,NA,NA,NA,0,9,13,Composite,adult
62d37789dd4357b8c2250e9d97c6799f_1920x1080,ol_sa_toma_nonoise_hey,14,2,1,14,3,Novel8.jpg,Novel10.jpg,toma,left,Novel10.jpg,Novel8.jpg,hey,straight_ahead,NA,test,straight_ahead,olivia,nogaze_gaze_ol_gr,2,yes,toma,novel,none,straight_ahead,no_noise,hey,3,1,4,8,5,10,5,28,5,28,NA,NA,NA,NA,0,9,13,Composite,child
5ae84dd9e3056cb0f056f69a602e817a_1920x1080,ol_sa_toma_nonoise_look,15,2,1,15,4,Novel5.jpg,Novel8.jpg,toma,right,Novel5.jpg,Novel8.jpg,look,straight_ahead,NA,exposure,straight_ahead,olivia,nogaze_gaze_ol_gr,2,yes,toma,novel,none,straight_ahead,no_noise,look,3,3,4,11,5,4,5,23,5,23,NA,NA,NA,NA,0,8,24,Composite,adult
5ae84dd9e3056cb0f056f69a602e817a_1920x1080,ol_sa_toma_nonoise_look,15,2,1,15,4,Novel5.jpg,Novel8.jpg,toma,right,Novel5.jpg,Novel8.jpg,look,straight_ahead,NA,exposure,straight_ahead,olivia,nogaze_gaze_ol_gr,2,yes,toma,novel,none,straight_ahead,no_noise,look,3,3,4,11,5,4,5,23,5,23,NA,NA,NA,NA,0,8,24,Composite,child
3ca0b169cba7e5ea3537a74ac6a58c32_1920x1080,ol_sa_toma_nonoise_look,16,2,1,16,4,Novel28.jpg,Novel8.jpg,toma,right,Novel28.jpg,Novel8.jpg,look,straight_ahead,NA,test,straight_ahead,olivia,nogaze_gaze_ol_gr,2,yes,toma,novel,none,straight_ahead,no_noise,look,3,3,4,11,5,4,5,23,5,23,NA,NA,NA,NA,0,8,24,Composite,adult
3ca0b169cba7e5ea3537a74ac6a58c32_1920x1080,ol_sa_toma_nonoise_look,16,2,1,16,4,Novel28.jpg,Novel8.jpg,toma,right,Novel28.jpg,Novel8.jpg,look,straight_ahead,NA,test,straight_ahead,olivia,nogaze_gaze_ol_gr,2,yes,toma,novel,none,straight_ahead,no_noise,look,3,3,4,11,5,4,5,23,5,23,NA,NA,NA,NA,0,8,24,Composite,child
ab7763efc88dca72264e2b40d84115a2_1920x1080,gr_dr_pifo_nonoise_hey,17,3,2,1,1,Novel5.jpg,Novel15.jpg,pifo,right,Novel5.jpg,Novel15.jpg,hey,right,pifo,exposure,gaze,grace,nogaze_gaze_ol_gr,2,yes,pifo,novel,none,down_right,no_noise,hey,3,10,4,6,5,11,5,26,5,26,6,5,8,1,0,10,18,Composite,adult
ab7763efc88dca72264e2b40d84115a2_1920x1080,gr_dr_pifo_nonoise_hey,17,3,2,1,1,Novel5.jpg,Novel15.jpg,pifo,right,Novel5.jpg,Novel15.jpg,hey,right,pifo,exposure,gaze,grace,nogaze_gaze_ol_gr,2,yes,pifo,novel,none,down_right,no_noise,hey,3,10,4,6,5,11,5,26,5,26,6,5,8,1,0,10,18,Composite,child
fcfa1354c41378d651764b21be9365dd_1920x1080,gr_sa_pifo_nonoise_hey,18,3,2,2,1,Novel15.jpg,Novel28.jpg,pifo,left,Novel28.jpg,Novel15.jpg,hey,straight_ahead,NA,test,gaze,grace,nogaze_gaze_ol_gr,2,yes,pifo,novel,none,straight_ahead,no_noise,hey,2,27,4,1,5,3,5,20,5,20,NA,NA,NA,NA,0,7,20,Composite,adult
fcfa1354c41378d651764b21be9365dd_1920x1080,gr_sa_pifo_nonoise_hey,18,3,2,2,1,Novel15.jpg,Novel28.jpg,pifo,left,Novel28.jpg,Novel15.jpg,hey,straight_ahead,NA,test,gaze,grace,nogaze_gaze_ol_gr,2,yes,pifo,novel,none,straight_ahead,no_noise,hey,2,27,4,1,5,3,5,20,5,20,NA,NA,NA,NA,0,7,20,Composite,child
5b7de9b6aef8716a18d338ba48d4f8ed_1920x1080,gr_dr_pifo_nonoise_look,19,3,2,3,2,Novel23.jpg,Novel15.jpg,pifo,right,Novel23.jpg,Novel15.jpg,look,right,pifo,exposure,gaze,grace,nogaze_gaze_ol_gr,2,yes,pifo,novel,none,down_right,no_noise,look,2,27,4,6,4,25,5,12,5,12,5,16,7,9,0,9,28,Composite,adult
5b7de9b6aef8716a18d338ba48d4f8ed_1920x1080,gr_dr_pifo_nonoise_look,19,3,2,3,2,Novel23.jpg,Novel15.jpg,pifo,right,Novel23.jpg,Novel15.jpg,look,right,pifo,exposure,gaze,grace,nogaze_gaze_ol_gr,2,yes,pifo,novel,none,down_right,no_noise,look,2,27,4,6,4,25,5,12,5,12,5,16,7,9,0,9,28,Composite,child
4f1cb4ec7966c379066e45a248846b6e_1920x1080,gr_sa_pifo_nonoise_look,20,3,2,4,2,Novel15.jpg,Novel20.jpg,pifo,left,Novel20.jpg,Novel15.jpg,look,straight_ahead,NA,test,gaze,grace,nogaze_gaze_ol_gr,2,yes,pifo,novel,none,straight_ahead,no_noise,look,3,5,4,11,5,1,5,20,5,20,NA,NA,NA,NA,0,7,20,Composite,adult
4f1cb4ec7966c379066e45a248846b6e_1920x1080,gr_sa_pifo_nonoise_look,20,3,2,4,2,Novel15.jpg,Novel20.jpg,pifo,left,Novel20.jpg,Novel15.jpg,look,straight_ahead,NA,test,gaze,grace,nogaze_gaze_ol_gr,2,yes,pifo,novel,none,straight_ahead,no_noise,look,3,5,4,11,5,1,5,20,5,20,NA,NA,NA,NA,0,7,20,Composite,child
016529f07d848fa745e9b8d82cff371f_1920x1080,gr_dl_pifo_nonoise_hey,21,3,2,5,3,Novel15.jpg,Novel10.jpg,pifo,left,Novel10.jpg,Novel15.jpg,hey,left,pifo,exposure,gaze,grace,nogaze_gaze_ol_gr,2,yes,pifo,novel,none,down_left,no_noise,hey,3,10,4,6,5,11,5,26,5,26,6,5,8,1,0,10,18,Composite,adult
016529f07d848fa745e9b8d82cff371f_1920x1080,gr_dl_pifo_nonoise_hey,21,3,2,5,3,Novel15.jpg,Novel10.jpg,pifo,left,Novel10.jpg,Novel15.jpg,hey,left,pifo,exposure,gaze,grace,nogaze_gaze_ol_gr,2,yes,pifo,novel,none,down_left,no_noise,hey,3,10,4,6,5,11,5,26,5,26,6,5,8,1,0,10,18,Composite,child
32b1931535cd1ea5da595c4cb27aaaa5_1920x1080,gr_sa_pifo_nonoise_hey,22,3,2,6,3,Novel15.jpg,Novel14.jpg,pifo,left,Novel14.jpg,Novel15.jpg,hey,straight_ahead,NA,test,gaze,grace,nogaze_gaze_ol_gr,2,yes,pifo,novel,none,straight_ahead,no_noise,hey,2,27,4,1,5,3,5,20,5,20,NA,NA,NA,NA,0,7,20,Composite,adult
32b1931535cd1ea5da595c4cb27aaaa5_1920x1080,gr_sa_pifo_nonoise_hey,22,3,2,6,3,Novel15.jpg,Novel14.jpg,pifo,left,Novel14.jpg,Novel15.jpg,hey,straight_ahead,NA,test,gaze,grace,nogaze_gaze_ol_gr,2,yes,pifo,novel,none,straight_ahead,no_noise,hey,2,27,4,1,5,3,5,20,5,20,NA,NA,NA,NA,0,7,20,Composite,child
6da80d8ebd1a642586e9654e795f0700_1920x1080,gr_dr_pifo_nonoise_look,23,3,2,7,4,Novel4.jpg,Novel15.jpg,pifo,right,Novel4.jpg,Novel15.jpg,look,right,pifo,exposure,gaze,grace,nogaze_gaze_ol_gr,2,yes,pifo,novel,none,down_right,no_noise,look,2,27,4,6,4,25,5,12,5,12,5,16,7,9,0,9,28,Composite,adult
6da80d8ebd1a642586e9654e795f0700_1920x1080,gr_dr_pifo_nonoise_look,23,3,2,7,4,Novel4.jpg,Novel15.jpg,pifo,right,Novel4.jpg,Novel15.jpg,look,right,pifo,exposure,gaze,grace,nogaze_gaze_ol_gr,2,yes,pifo,novel,none,down_right,no_noise,look,2,27,4,6,4,25,5,12,5,12,5,16,7,9,0,9,28,Composite,child
cad75ddde5147b169479158e6a09f9ac_1920x1080,gr_sa_pifo_nonoise_look,24,3,2,8,4,Novel9.jpg,Novel15.jpg,pifo,right,Novel9.jpg,Novel15.jpg,look,straight_ahead,NA,test,gaze,grace,nogaze_gaze_ol_gr,2,yes,pifo,novel,none,straight_ahead,no_noise,look,3,5,4,11,5,1,5,20,5,20,NA,NA,NA,NA,0,7,20,Composite,adult
cad75ddde5147b169479158e6a09f9ac_1920x1080,gr_sa_pifo_nonoise_look,24,3,2,8,4,Novel9.jpg,Novel15.jpg,pifo,right,Novel9.jpg,Novel15.jpg,look,straight_ahead,NA,test,gaze,grace,nogaze_gaze_ol_gr,2,yes,pifo,novel,none,straight_ahead,no_noise,look,3,5,4,11,5,1,5,20,5,20,NA,NA,NA,NA,0,7,20,Composite,child
34694e53df2cd2910ed8f00c2389c624_1920x1080,gr_dr_bosa_nonoise_hey,25,4,2,9,1,Novel21.jpg,Novel11.jpg,bosa,right,Novel21.jpg,Novel11.jpg,hey,right,bosa,exposure,gaze,grace,nogaze_gaze_ol_gr,2,yes,bosa,novel,none,down_right,no_noise,hey,3,7,4,5,5,6,5,24,5,24,6,8,8,5,0,10,24,Composite,adult
34694e53df2cd2910ed8f00c2389c624_1920x1080,gr_dr_bosa_nonoise_hey,25,4,2,9,1,Novel21.jpg,Novel11.jpg,bosa,right,Novel21.jpg,Novel11.jpg,hey,right,bosa,exposure,gaze,grace,nogaze_gaze_ol_gr,2,yes,bosa,novel,none,down_right,no_noise,hey,3,7,4,5,5,6,5,24,5,24,6,8,8,5,0,10,24,Composite,child
88b929863fc982273476b1cd3c1d00f8_1920x1080,gr_sa_bosa_nonoise_hey,26,4,2,10,1,Novel11.jpg,Novel19.jpg,bosa,left,Novel19.jpg,Novel11.jpg,hey,straight_ahead,NA,test,gaze,grace,nogaze_gaze_ol_gr,2,yes,bosa,novel,none,straight_ahead,no_noise,hey,3,3,4,8,5,10,5,27,5,27,NA,NA,NA,NA,0,7,27,Composite,adult
88b929863fc982273476b1cd3c1d00f8_1920x1080,gr_sa_bosa_nonoise_hey,26,4,2,10,1,Novel11.jpg,Novel19.jpg,bosa,left,Novel19.jpg,Novel11.jpg,hey,straight_ahead,NA,test,gaze,grace,nogaze_gaze_ol_gr,2,yes,bosa,novel,none,straight_ahead,no_noise,hey,3,3,4,8,5,10,5,27,5,27,NA,NA,NA,NA,0,7,27,Composite,child
427f9b2ea5f361959a5d105d4e8161ae_1920x1080,gr_dr_bosa_nonoise_look,27,4,2,11,2,Novel1.jpg,Novel11.jpg,bosa,right,Novel1.jpg,Novel11.jpg,look,right,bosa,exposure,gaze,grace,nogaze_gaze_ol_gr,2,yes,bosa,novel,none,down_right,no_noise,look,2,17,3,21,4,11,4,29,4,29,5,7,7,0,0,9,13,Composite,adult
427f9b2ea5f361959a5d105d4e8161ae_1920x1080,gr_dr_bosa_nonoise_look,27,4,2,11,2,Novel1.jpg,Novel11.jpg,bosa,right,Novel1.jpg,Novel11.jpg,look,right,bosa,exposure,gaze,grace,nogaze_gaze_ol_gr,2,yes,bosa,novel,none,down_right,no_noise,look,2,17,3,21,4,11,4,29,4,29,5,7,7,0,0,9,13,Composite,child
3b4c12eb79ec389457192f61202b840b_1920x1080,gr_sa_bosa_nonoise_look,28,4,2,12,2,Novel11.jpg,Novel25.jpg,bosa,left,Novel25.jpg,Novel11.jpg,look,straight_ahead,NA,test,gaze,grace,nogaze_gaze_ol_gr,2,yes,bosa,novel,none,straight_ahead,no_noise,look,3,2,4,13,5,5,5,22,5,22,NA,NA,NA,NA,0,7,22,Composite,adult
3b4c12eb79ec389457192f61202b840b_1920x1080,gr_sa_bosa_nonoise_look,28,4,2,12,2,Novel11.jpg,Novel25.jpg,bosa,left,Novel25.jpg,Novel11.jpg,look,straight_ahead,NA,test,gaze,grace,nogaze_gaze_ol_gr,2,yes,bosa,novel,none,straight_ahead,no_noise,look,3,2,4,13,5,5,5,22,5,22,NA,NA,NA,NA,0,7,22,Composite,child
c4c4528dfff7d58ead60c245dcaff196_1920x1080,gr_dl_bosa_nonoise_hey,29,4,2,13,3,Novel11.jpg,Novel3.jpg,bosa,left,Novel3.jpg,Novel11.jpg,hey,left,bosa,exposure,gaze,grace,nogaze_gaze_ol_gr,2,yes,bosa,novel,none,down_left,no_noise,hey,3,7,4,5,5,6,5,24,5,24,6,8,8,5,0,10,24,Composite,adult
c4c4528dfff7d58ead60c245dcaff196_1920x1080,gr_dl_bosa_nonoise_hey,29,4,2,13,3,Novel11.jpg,Novel3.jpg,bosa,left,Novel3.jpg,Novel11.jpg,hey,left,bosa,exposure,gaze,grace,nogaze_gaze_ol_gr,2,yes,bosa,novel,none,down_left,no_noise,hey,3,7,4,5,5,6,5,24,5,24,6,8,8,5,0,10,24,Composite,child
b59e60af9e8c98f69208c8b418958e30_1920x1080,gr_sa_bosa_nonoise_hey,30,4,2,14,3,Novel11.jpg,Novel26.jpg,bosa,left,Novel26.jpg,Novel11.jpg,hey,straight_ahead,NA,test,gaze,grace,nogaze_gaze_ol_gr,2,yes,bosa,novel,none,straight_ahead,no_noise,hey,3,3,4,8,5,10,5,27,5,27,NA,NA,NA,NA,0,7,27,Composite,adult
b59e60af9e8c98f69208c8b418958e30_1920x1080,gr_sa_bosa_nonoise_hey,30,4,2,14,3,Novel11.jpg,Novel26.jpg,bosa,left,Novel26.jpg,Novel11.jpg,hey,straight_ahead,NA,test,gaze,grace,nogaze_gaze_ol_gr,2,yes,bosa,novel,none,straight_ahead,no_noise,hey,3,3,4,8,5,10,5,27,5,27,NA,NA,NA,NA,0,7,27,Composite,child
9f7a652383b3ed6098d08d9a1ade9f9a_1920x1080,gr_dr_bosa_nonoise_look,31,4,2,15,4,Novel12.jpg,Novel11.jpg,bosa,right,Novel12.jpg,Novel11.jpg,look,right,bosa,exposure,gaze,grace,nogaze_gaze_ol_gr,2,yes,bosa,novel,none,down_right,no_noise,look,2,17,3,21,4,11,4,29,4,29,5,7,7,0,0,9,13,Composite,adult
9f7a652383b3ed6098d08d9a1ade9f9a_1920x1080,gr_dr_bosa_nonoise_look,31,4,2,15,4,Novel12.jpg,Novel11.jpg,bosa,right,Novel12.jpg,Novel11.jpg,look,right,bosa,exposure,gaze,grace,nogaze_gaze_ol_gr,2,yes,bosa,novel,none,down_right,no_noise,look,2,17,3,21,4,11,4,29,4,29,5,7,7,0,0,9,13,Composite,child
6c641469e45531363fa8061364b26ca3_1920x1080,gr_sa_bosa_nonoise_look,32,4,2,16,4,Novel7.jpg,Novel11.jpg,bosa,right,Novel7.jpg,Novel11.jpg,look,straight_ahead,NA,test,gaze,grace,nogaze_gaze_ol_gr,2,yes,bosa,novel,none,straight_ahead,no_noise,look,3,2,4,13,5,5,5,22,5,22,NA,NA,NA,NA,0,7,22,Composite,adult
6c641469e45531363fa8061364b26ca3_1920x1080,gr_sa_bosa_nonoise_look,32,4,2,16,4,Novel7.jpg,Novel11.jpg,bosa,right,Novel7.jpg,Novel11.jpg,look,straight_ahead,NA,test,gaze,grace,nogaze_gaze_ol_gr,2,yes,bosa,novel,none,straight_ahead,no_noise,look,3,2,4,13,5,5,5,22,5,22,NA,NA,NA,NA,0,7,22,Composite,child
203df917781e207698706659a18b226a_1920x1080,gr_dl_toma_nonoise_hey,1,1,1,1,1,Novel22.jpg,Novel6.jpg,toma,left,Novel6.jpg,Novel22.jpg,hey,left,toma,exposure,gaze,grace,gaze_nogaze_gr_ol,3,yes,toma,novel,none,down_left,no_noise,hey,3,13,4,13,5,15,6,3,6,3,6,15,8,10,0,10,24,Composite,adult
203df917781e207698706659a18b226a_1920x1080,gr_dl_toma_nonoise_hey,1,1,1,1,1,Novel22.jpg,Novel6.jpg,toma,left,Novel6.jpg,Novel22.jpg,hey,left,toma,exposure,gaze,grace,gaze_nogaze_gr_ol,3,yes,toma,novel,none,down_left,no_noise,hey,3,13,4,13,5,15,6,3,6,3,6,15,8,10,0,10,24,Composite,child
c327476ab6d3eb5be2446bcb1d494ce8_1920x1080,gr_sa_toma_nonoise_hey,2,1,1,2,1,Novel22.jpg,Novel19.jpg,toma,left,Novel19.jpg,Novel22.jpg,hey,straight_ahead,NA,test,gaze,grace,gaze_nogaze_gr_ol,3,yes,toma,novel,none,straight_ahead,no_noise,hey,3,1,4,6,5,8,5,25,5,25,NA,NA,NA,NA,0,7,25,Composite,adult
c327476ab6d3eb5be2446bcb1d494ce8_1920x1080,gr_sa_toma_nonoise_hey,2,1,1,2,1,Novel22.jpg,Novel19.jpg,toma,left,Novel19.jpg,Novel22.jpg,hey,straight_ahead,NA,test,gaze,grace,gaze_nogaze_gr_ol,3,yes,toma,novel,none,straight_ahead,no_noise,hey,3,1,4,6,5,8,5,25,5,25,NA,NA,NA,NA,0,7,25,Composite,child
c4d978de72bcc97f4819d9b859361da3_1920x1080,gr_dl_toma_nonoise_look,3,1,1,3,2,Novel22.jpg,Novel13.jpg,toma,left,Novel13.jpg,Novel22.jpg,look,left,toma,exposure,gaze,grace,gaze_nogaze_gr_ol,3,yes,toma,novel,none,down_left,no_noise,look,2,17,4,1,4,20,5,7,5,7,5,12,7,4,0,9,18,Composite,adult
c4d978de72bcc97f4819d9b859361da3_1920x1080,gr_dl_toma_nonoise_look,3,1,1,3,2,Novel22.jpg,Novel13.jpg,toma,left,Novel13.jpg,Novel22.jpg,look,left,toma,exposure,gaze,grace,gaze_nogaze_gr_ol,3,yes,toma,novel,none,down_left,no_noise,look,2,17,4,1,4,20,5,7,5,7,5,12,7,4,0,9,18,Composite,child
17c28542862fe062d5d2e33dbe992217_1920x1080,gr_sa_toma_nonoise_hey,4,1,1,4,2,Novel23.jpg,Novel22.jpg,toma,right,Novel23.jpg,Novel22.jpg,hey,straight_ahead,NA,test,gaze,grace,gaze_nogaze_gr_ol,3,yes,toma,novel,none,straight_ahead,no_noise,hey,3,1,4,6,5,8,5,25,5,25,NA,NA,NA,NA,0,7,25,Composite,adult
17c28542862fe062d5d2e33dbe992217_1920x1080,gr_sa_toma_nonoise_hey,4,1,1,4,2,Novel23.jpg,Novel22.jpg,toma,right,Novel23.jpg,Novel22.jpg,hey,straight_ahead,NA,test,gaze,grace,gaze_nogaze_gr_ol,3,yes,toma,novel,none,straight_ahead,no_noise,hey,3,1,4,6,5,8,5,25,5,25,NA,NA,NA,NA,0,7,25,Composite,child
31ea07440643ab9f77ba12234d7e0431_1920x1080,gr_dl_toma_nonoise_look,5,1,1,5,3,Novel22.jpg,Novel7.jpg,toma,left,Novel7.jpg,Novel22.jpg,look,left,toma,exposure,gaze,grace,gaze_nogaze_gr_ol,3,yes,toma,novel,none,down_left,no_noise,look,2,17,4,1,4,20,5,7,5,7,5,12,7,4,0,9,18,Composite,adult
31ea07440643ab9f77ba12234d7e0431_1920x1080,gr_dl_toma_nonoise_look,5,1,1,5,3,Novel22.jpg,Novel7.jpg,toma,left,Novel7.jpg,Novel22.jpg,look,left,toma,exposure,gaze,grace,gaze_nogaze_gr_ol,3,yes,toma,novel,none,down_left,no_noise,look,2,17,4,1,4,20,5,7,5,7,5,12,7,4,0,9,18,Composite,child
2163987c797cf0c50853fd8e4709ec9a_1920x1080,gr_sa_toma_nonoise_look,6,1,1,6,3,Novel1.jpg,Novel22.jpg,toma,right,Novel1.jpg,Novel22.jpg,look,straight_ahead,NA,test,gaze,grace,gaze_nogaze_gr_ol,3,yes,toma,novel,none,straight_ahead,no_noise,look,3,18,4,29,5,19,6,4,6,4,NA,NA,NA,NA,0,8,4,Composite,adult
2163987c797cf0c50853fd8e4709ec9a_1920x1080,gr_sa_toma_nonoise_look,6,1,1,6,3,Novel1.jpg,Novel22.jpg,toma,right,Novel1.jpg,Novel22.jpg,look,straight_ahead,NA,test,gaze,grace,gaze_nogaze_gr_ol,3,yes,toma,novel,none,straight_ahead,no_noise,look,3,18,4,29,5,19,6,4,6,4,NA,NA,NA,NA,0,8,4,Composite,child
26d8f55ee7288edcc63ba01194e8f2d8_1920x1080,gr_dr_toma_nonoise_hey,7,1,1,7,4,Novel26.jpg,Novel22.jpg,toma,right,Novel26.jpg,Novel22.jpg,hey,right,toma,exposure,gaze,grace,gaze_nogaze_gr_ol,3,yes,toma,novel,none,down_right,no_noise,hey,3,13,4,13,5,15,6,3,6,3,6,15,8,10,0,10,24,Composite,adult
26d8f55ee7288edcc63ba01194e8f2d8_1920x1080,gr_dr_toma_nonoise_hey,7,1,1,7,4,Novel26.jpg,Novel22.jpg,toma,right,Novel26.jpg,Novel22.jpg,hey,right,toma,exposure,gaze,grace,gaze_nogaze_gr_ol,3,yes,toma,novel,none,down_right,no_noise,hey,3,13,4,13,5,15,6,3,6,3,6,15,8,10,0,10,24,Composite,child
c8f40be2ceeed2a883f06472c9013ba7_1920x1080,gr_sa_toma_nonoise_look,8,1,1,8,4,Novel5.jpg,Novel22.jpg,toma,right,Novel5.jpg,Novel22.jpg,look,straight_ahead,NA,test,gaze,grace,gaze_nogaze_gr_ol,3,yes,toma,novel,none,straight_ahead,no_noise,look,3,18,4,29,5,19,6,4,6,4,NA,NA,NA,NA,0,8,4,Composite,adult
c8f40be2ceeed2a883f06472c9013ba7_1920x1080,gr_sa_toma_nonoise_look,8,1,1,8,4,Novel5.jpg,Novel22.jpg,toma,right,Novel5.jpg,Novel22.jpg,look,straight_ahead,NA,test,gaze,grace,gaze_nogaze_gr_ol,3,yes,toma,novel,none,straight_ahead,no_noise,look,3,18,4,29,5,19,6,4,6,4,NA,NA,NA,NA,0,8,4,Composite,child
c4cd936f92a5a50e162035b9480ec052_1920x1080,gr_dl_pifo_nonoise_hey,9,2,1,9,1,Novel2.jpg,Novel11.jpg,pifo,left,Novel11.jpg,Novel2.jpg,hey,left,pifo,exposure,gaze,grace,gaze_nogaze_gr_ol,3,yes,pifo,novel,none,down_left,no_noise,hey,3,10,4,6,5,11,5,26,5,26,6,5,8,1,0,10,18,Composite,adult
c4cd936f92a5a50e162035b9480ec052_1920x1080,gr_dl_pifo_nonoise_hey,9,2,1,9,1,Novel2.jpg,Novel11.jpg,pifo,left,Novel11.jpg,Novel2.jpg,hey,left,pifo,exposure,gaze,grace,gaze_nogaze_gr_ol,3,yes,pifo,novel,none,down_left,no_noise,hey,3,10,4,6,5,11,5,26,5,26,6,5,8,1,0,10,18,Composite,child
84d44b639b785e16aee35fd90dc14258_1920x1080,gr_sa_pifo_nonoise_hey,10,2,1,10,1,Novel2.jpg,Novel27.jpg,pifo,left,Novel27.jpg,Novel2.jpg,hey,straight_ahead,NA,test,gaze,grace,gaze_nogaze_gr_ol,3,yes,pifo,novel,none,straight_ahead,no_noise,hey,2,27,4,1,5,3,5,20,5,20,NA,NA,NA,NA,0,7,20,Composite,adult
84d44b639b785e16aee35fd90dc14258_1920x1080,gr_sa_pifo_nonoise_hey,10,2,1,10,1,Novel2.jpg,Novel27.jpg,pifo,left,Novel27.jpg,Novel2.jpg,hey,straight_ahead,NA,test,gaze,grace,gaze_nogaze_gr_ol,3,yes,pifo,novel,none,straight_ahead,no_noise,hey,2,27,4,1,5,3,5,20,5,20,NA,NA,NA,NA,0,7,20,Composite,child
d09acc32944cc744a20f6e6a5fa74fb9_1920x1080,gr_dl_pifo_nonoise_look,11,2,1,11,2,Novel2.jpg,Novel15.jpg,pifo,left,Novel15.jpg,Novel2.jpg,look,left,pifo,exposure,gaze,grace,gaze_nogaze_gr_ol,3,yes,pifo,novel,none,down_left,no_noise,look,2,27,4,6,4,25,5,12,5,12,5,16,7,9,0,9,28,Composite,adult
d09acc32944cc744a20f6e6a5fa74fb9_1920x1080,gr_dl_pifo_nonoise_look,11,2,1,11,2,Novel2.jpg,Novel15.jpg,pifo,left,Novel15.jpg,Novel2.jpg,look,left,pifo,exposure,gaze,grace,gaze_nogaze_gr_ol,3,yes,pifo,novel,none,down_left,no_noise,look,2,27,4,6,4,25,5,12,5,12,5,16,7,9,0,9,28,Composite,child
50d7da6d0ddc7d1d09d52dc7dafda9e8_1920x1080,gr_sa_pifo_nonoise_hey,12,2,1,12,2,Novel18.jpg,Novel2.jpg,pifo,right,Novel18.jpg,Novel2.jpg,hey,straight_ahead,NA,test,gaze,grace,gaze_nogaze_gr_ol,3,yes,pifo,novel,none,straight_ahead,no_noise,hey,2,27,4,1,5,3,5,20,5,20,NA,NA,NA,NA,0,7,20,Composite,adult
50d7da6d0ddc7d1d09d52dc7dafda9e8_1920x1080,gr_sa_pifo_nonoise_hey,12,2,1,12,2,Novel18.jpg,Novel2.jpg,pifo,right,Novel18.jpg,Novel2.jpg,hey,straight_ahead,NA,test,gaze,grace,gaze_nogaze_gr_ol,3,yes,pifo,novel,none,straight_ahead,no_noise,hey,2,27,4,1,5,3,5,20,5,20,NA,NA,NA,NA,0,7,20,Composite,child
be5c986b2005ad1f59c3ff836281082b_1920x1080,gr_dl_pifo_nonoise_look,13,2,1,13,3,Novel2.jpg,Novel16.jpg,pifo,left,Novel16.jpg,Novel2.jpg,look,left,pifo,exposure,gaze,grace,gaze_nogaze_gr_ol,3,yes,pifo,novel,none,down_left,no_noise,look,2,27,4,6,4,25,5,12,5,12,5,16,7,9,0,9,28,Composite,adult
be5c986b2005ad1f59c3ff836281082b_1920x1080,gr_dl_pifo_nonoise_look,13,2,1,13,3,Novel2.jpg,Novel16.jpg,pifo,left,Novel16.jpg,Novel2.jpg,look,left,pifo,exposure,gaze,grace,gaze_nogaze_gr_ol,3,yes,pifo,novel,none,down_left,no_noise,look,2,27,4,6,4,25,5,12,5,12,5,16,7,9,0,9,28,Composite,child
462ec6f096214b1b56a7c3be1e50abac_1920x1080,gr_sa_pifo_nonoise_look,14,2,1,14,3,Novel14.jpg,Novel2.jpg,pifo,right,Novel14.jpg,Novel2.jpg,look,straight_ahead,NA,test,gaze,grace,gaze_nogaze_gr_ol,3,yes,pifo,novel,none,straight_ahead,no_noise,look,3,5,4,11,5,1,5,20,5,20,NA,NA,NA,NA,0,7,20,Composite,adult
462ec6f096214b1b56a7c3be1e50abac_1920x1080,gr_sa_pifo_nonoise_look,14,2,1,14,3,Novel14.jpg,Novel2.jpg,pifo,right,Novel14.jpg,Novel2.jpg,look,straight_ahead,NA,test,gaze,grace,gaze_nogaze_gr_ol,3,yes,pifo,novel,none,straight_ahead,no_noise,look,3,5,4,11,5,1,5,20,5,20,NA,NA,NA,NA,0,7,20,Composite,child
4e3708ecc837d0402fc0c92e08b4cdbb_1920x1080,gr_dr_pifo_nonoise_hey,15,2,1,15,4,Novel12.jpg,Novel2.jpg,pifo,right,Novel12.jpg,Novel2.jpg,hey,right,pifo,exposure,gaze,grace,gaze_nogaze_gr_ol,3,yes,pifo,novel,none,down_right,no_noise,hey,3,10,4,6,5,11,5,26,5,26,6,5,8,1,0,10,18,Composite,adult
4e3708ecc837d0402fc0c92e08b4cdbb_1920x1080,gr_dr_pifo_nonoise_hey,15,2,1,15,4,Novel12.jpg,Novel2.jpg,pifo,right,Novel12.jpg,Novel2.jpg,hey,right,pifo,exposure,gaze,grace,gaze_nogaze_gr_ol,3,yes,pifo,novel,none,down_right,no_noise,hey,3,10,4,6,5,11,5,26,5,26,6,5,8,1,0,10,18,Composite,child
0446372736596e319a476ac69792404a_1920x1080,gr_sa_pifo_nonoise_look,16,2,1,16,4,Novel20.jpg,Novel2.jpg,pifo,right,Novel20.jpg,Novel2.jpg,look,straight_ahead,NA,test,gaze,grace,gaze_nogaze_gr_ol,3,yes,pifo,novel,none,straight_ahead,no_noise,look,3,5,4,11,5,1,5,20,5,20,NA,NA,NA,NA,0,7,20,Composite,adult
0446372736596e319a476ac69792404a_1920x1080,gr_sa_pifo_nonoise_look,16,2,1,16,4,Novel20.jpg,Novel2.jpg,pifo,right,Novel20.jpg,Novel2.jpg,look,straight_ahead,NA,test,gaze,grace,gaze_nogaze_gr_ol,3,yes,pifo,novel,none,straight_ahead,no_noise,look,3,5,4,11,5,1,5,20,5,20,NA,NA,NA,NA,0,7,20,Composite,child
4dc959aee941714b32efe82a7aa50d34_1920x1080,ol_sa_bosa_nonoise_hey,17,3,2,1,1,Novel25.jpg,Novel14.jpg,bosa,left,Novel14.jpg,Novel25.jpg,hey,straight_ahead,NA,exposure,straight_ahead,olivia,gaze_nogaze_gr_ol,3,yes,bosa,novel,none,straight_ahead,no_noise,hey,3,13,4,22,5,22,6,10,6,10,NA,NA,NA,NA,0,8,11,Composite,adult
4dc959aee941714b32efe82a7aa50d34_1920x1080,ol_sa_bosa_nonoise_hey,17,3,2,1,1,Novel25.jpg,Novel14.jpg,bosa,left,Novel14.jpg,Novel25.jpg,hey,straight_ahead,NA,exposure,straight_ahead,olivia,gaze_nogaze_gr_ol,3,yes,bosa,novel,none,straight_ahead,no_noise,hey,3,13,4,22,5,22,6,10,6,10,NA,NA,NA,NA,0,8,11,Composite,child
4c49c3ab8fe1804e1cd9b91efa41c7a5_1920x1080,ol_sa_bosa_nonoise_hey,18,3,2,2,1,Novel25.jpg,Novel21.jpg,bosa,left,Novel21.jpg,Novel25.jpg,hey,straight_ahead,NA,test,straight_ahead,olivia,gaze_nogaze_gr_ol,3,yes,bosa,novel,none,straight_ahead,no_noise,hey,3,13,4,22,5,22,6,10,6,10,NA,NA,NA,NA,0,8,11,Composite,adult
4c49c3ab8fe1804e1cd9b91efa41c7a5_1920x1080,ol_sa_bosa_nonoise_hey,18,3,2,2,1,Novel25.jpg,Novel21.jpg,bosa,left,Novel21.jpg,Novel25.jpg,hey,straight_ahead,NA,test,straight_ahead,olivia,gaze_nogaze_gr_ol,3,yes,bosa,novel,none,straight_ahead,no_noise,hey,3,13,4,22,5,22,6,10,6,10,NA,NA,NA,NA,0,8,11,Composite,child
0191465a069c6b6c933fc7ec01416490_1920x1080,ol_sa_bosa_nonoise_look,19,3,2,3,2,Novel25.jpg,Novel28.jpg,bosa,left,Novel28.jpg,Novel25.jpg,look,straight_ahead,NA,exposure,straight_ahead,olivia,gaze_nogaze_gr_ol,3,yes,bosa,novel,none,straight_ahead,no_noise,look,3,2,4,15,5,8,5,28,5,28,NA,NA,NA,NA,0,9,0,Composite,adult
0191465a069c6b6c933fc7ec01416490_1920x1080,ol_sa_bosa_nonoise_look,19,3,2,3,2,Novel25.jpg,Novel28.jpg,bosa,left,Novel28.jpg,Novel25.jpg,look,straight_ahead,NA,exposure,straight_ahead,olivia,gaze_nogaze_gr_ol,3,yes,bosa,novel,none,straight_ahead,no_noise,look,3,2,4,15,5,8,5,28,5,28,NA,NA,NA,NA,0,9,0,Composite,child
40d023ab05e279823308100db12f1666_1920x1080,ol_sa_bosa_nonoise_hey,20,3,2,4,2,Novel1.jpg,Novel25.jpg,bosa,right,Novel1.jpg,Novel25.jpg,hey,straight_ahead,NA,test,straight_ahead,olivia,gaze_nogaze_gr_ol,3,yes,bosa,novel,none,straight_ahead,no_noise,hey,3,13,4,22,5,22,6,10,6,10,NA,NA,NA,NA,0,8,11,Composite,adult
40d023ab05e279823308100db12f1666_1920x1080,ol_sa_bosa_nonoise_hey,20,3,2,4,2,Novel1.jpg,Novel25.jpg,bosa,right,Novel1.jpg,Novel25.jpg,hey,straight_ahead,NA,test,straight_ahead,olivia,gaze_nogaze_gr_ol,3,yes,bosa,novel,none,straight_ahead,no_noise,hey,3,13,4,22,5,22,6,10,6,10,NA,NA,NA,NA,0,8,11,Composite,child
c93bc36c2bb0779dd49079714b434e19_1920x1080,ol_sa_bosa_nonoise_look,21,3,2,5,3,Novel25.jpg,Novel15.jpg,bosa,left,Novel15.jpg,Novel25.jpg,look,straight_ahead,NA,exposure,straight_ahead,olivia,gaze_nogaze_gr_ol,3,yes,bosa,novel,none,straight_ahead,no_noise,look,3,2,4,15,5,8,5,28,5,28,NA,NA,NA,NA,0,9,0,Composite,adult
c93bc36c2bb0779dd49079714b434e19_1920x1080,ol_sa_bosa_nonoise_look,21,3,2,5,3,Novel25.jpg,Novel15.jpg,bosa,left,Novel15.jpg,Novel25.jpg,look,straight_ahead,NA,exposure,straight_ahead,olivia,gaze_nogaze_gr_ol,3,yes,bosa,novel,none,straight_ahead,no_noise,look,3,2,4,15,5,8,5,28,5,28,NA,NA,NA,NA,0,9,0,Composite,child
60d3bcaab924f482911e962134ca4523_1920x1080,ol_sa_bosa_nonoise_look,22,3,2,6,3,Novel10.jpg,Novel25.jpg,bosa,right,Novel10.jpg,Novel25.jpg,look,straight_ahead,NA,test,straight_ahead,olivia,gaze_nogaze_gr_ol,3,yes,bosa,novel,none,straight_ahead,no_noise,look,3,2,4,15,5,8,5,28,5,28,NA,NA,NA,NA,0,9,0,Composite,adult
60d3bcaab924f482911e962134ca4523_1920x1080,ol_sa_bosa_nonoise_look,22,3,2,6,3,Novel10.jpg,Novel25.jpg,bosa,right,Novel10.jpg,Novel25.jpg,look,straight_ahead,NA,test,straight_ahead,olivia,gaze_nogaze_gr_ol,3,yes,bosa,novel,none,straight_ahead,no_noise,look,3,2,4,15,5,8,5,28,5,28,NA,NA,NA,NA,0,9,0,Composite,child
79009c0330896e7ea78df77dcc89032e_1920x1080,ol_sa_bosa_nonoise_hey,23,3,2,7,4,Novel5.jpg,Novel25.jpg,bosa,right,Novel5.jpg,Novel25.jpg,hey,straight_ahead,NA,exposure,straight_ahead,olivia,gaze_nogaze_gr_ol,3,yes,bosa,novel,none,straight_ahead,no_noise,hey,3,13,4,22,5,22,6,10,6,10,NA,NA,NA,NA,0,8,11,Composite,adult
79009c0330896e7ea78df77dcc89032e_1920x1080,ol_sa_bosa_nonoise_hey,23,3,2,7,4,Novel5.jpg,Novel25.jpg,bosa,right,Novel5.jpg,Novel25.jpg,hey,straight_ahead,NA,exposure,straight_ahead,olivia,gaze_nogaze_gr_ol,3,yes,bosa,novel,none,straight_ahead,no_noise,hey,3,13,4,22,5,22,6,10,6,10,NA,NA,NA,NA,0,8,11,Composite,child
97ae0aa8c27252de6bf37b641d5bc9c2_1920x1080,ol_sa_bosa_nonoise_look,24,3,2,8,4,Novel3.jpg,Novel25.jpg,bosa,right,Novel3.jpg,Novel25.jpg,look,straight_ahead,NA,test,straight_ahead,olivia,gaze_nogaze_gr_ol,3,yes,bosa,novel,none,straight_ahead,no_noise,look,3,2,4,15,5,8,5,28,5,28,NA,NA,NA,NA,0,9,0,Composite,adult
97ae0aa8c27252de6bf37b641d5bc9c2_1920x1080,ol_sa_bosa_nonoise_look,24,3,2,8,4,Novel3.jpg,Novel25.jpg,bosa,right,Novel3.jpg,Novel25.jpg,look,straight_ahead,NA,test,straight_ahead,olivia,gaze_nogaze_gr_ol,3,yes,bosa,novel,none,straight_ahead,no_noise,look,3,2,4,15,5,8,5,28,5,28,NA,NA,NA,NA,0,9,0,Composite,child
5cc5c642d3a416169bc0a265eebeb1d7_1920x1080,ol_sa_modi_nonoise_hey,25,4,2,9,1,Novel24.jpg,Novel26.jpg,modi,left,Novel26.jpg,Novel24.jpg,hey,straight_ahead,NA,exposure,straight_ahead,olivia,gaze_nogaze_gr_ol,3,yes,modi,novel,none,straight_ahead,no_noise,hey,2,26,4,3,5,1,5,19,5,19,NA,NA,NA,NA,0,7,20,Composite,adult
5cc5c642d3a416169bc0a265eebeb1d7_1920x1080,ol_sa_modi_nonoise_hey,25,4,2,9,1,Novel24.jpg,Novel26.jpg,modi,left,Novel26.jpg,Novel24.jpg,hey,straight_ahead,NA,exposure,straight_ahead,olivia,gaze_nogaze_gr_ol,3,yes,modi,novel,none,straight_ahead,no_noise,hey,2,26,4,3,5,1,5,19,5,19,NA,NA,NA,NA,0,7,20,Composite,child
1e0e78cbd9420963b3e859092f37c48c_1920x1080,ol_sa_modi_nonoise_hey,26,4,2,10,1,Novel24.jpg,Novel23.jpg,modi,left,Novel23.jpg,Novel24.jpg,hey,straight_ahead,NA,test,straight_ahead,olivia,gaze_nogaze_gr_ol,3,yes,modi,novel,none,straight_ahead,no_noise,hey,2,26,4,3,5,1,5,19,5,19,NA,NA,NA,NA,0,7,20,Composite,adult
1e0e78cbd9420963b3e859092f37c48c_1920x1080,ol_sa_modi_nonoise_hey,26,4,2,10,1,Novel24.jpg,Novel23.jpg,modi,left,Novel23.jpg,Novel24.jpg,hey,straight_ahead,NA,test,straight_ahead,olivia,gaze_nogaze_gr_ol,3,yes,modi,novel,none,straight_ahead,no_noise,hey,2,26,4,3,5,1,5,19,5,19,NA,NA,NA,NA,0,7,20,Composite,child
18af471b2df8ee0d9bebfe10a8cb0e26_1920x1080,ol_sa_modi_nonoise_look,27,4,2,11,2,Novel24.jpg,Novel27.jpg,modi,left,Novel27.jpg,Novel24.jpg,look,straight_ahead,NA,exposure,straight_ahead,olivia,gaze_nogaze_gr_ol,3,yes,modi,novel,none,straight_ahead,no_noise,look,2,29,4,11,4,28,5,16,5,16,NA,NA,NA,NA,0,7,16,Composite,adult
18af471b2df8ee0d9bebfe10a8cb0e26_1920x1080,ol_sa_modi_nonoise_look,27,4,2,11,2,Novel24.jpg,Novel27.jpg,modi,left,Novel27.jpg,Novel24.jpg,look,straight_ahead,NA,exposure,straight_ahead,olivia,gaze_nogaze_gr_ol,3,yes,modi,novel,none,straight_ahead,no_noise,look,2,29,4,11,4,28,5,16,5,16,NA,NA,NA,NA,0,7,16,Composite,child
2891dff2cf062d2f376a056a63f2d14a_1920x1080,ol_sa_modi_nonoise_hey,28,4,2,12,2,Novel7.jpg,Novel24.jpg,modi,right,Novel7.jpg,Novel24.jpg,hey,straight_ahead,NA,test,straight_ahead,olivia,gaze_nogaze_gr_ol,3,yes,modi,novel,none,straight_ahead,no_noise,hey,2,26,4,3,5,1,5,19,5,19,NA,NA,NA,NA,0,7,20,Composite,adult
2891dff2cf062d2f376a056a63f2d14a_1920x1080,ol_sa_modi_nonoise_hey,28,4,2,12,2,Novel7.jpg,Novel24.jpg,modi,right,Novel7.jpg,Novel24.jpg,hey,straight_ahead,NA,test,straight_ahead,olivia,gaze_nogaze_gr_ol,3,yes,modi,novel,none,straight_ahead,no_noise,hey,2,26,4,3,5,1,5,19,5,19,NA,NA,NA,NA,0,7,20,Composite,child
966b759efeab6ef5a0bf5c3a64e40ec3_1920x1080,ol_sa_modi_nonoise_look,29,4,2,13,3,Novel24.jpg,Novel17.jpg,modi,left,Novel17.jpg,Novel24.jpg,look,straight_ahead,NA,exposure,straight_ahead,olivia,gaze_nogaze_gr_ol,3,yes,modi,novel,none,straight_ahead,no_noise,look,2,29,4,11,4,28,5,16,5,16,NA,NA,NA,NA,0,7,16,Composite,adult
966b759efeab6ef5a0bf5c3a64e40ec3_1920x1080,ol_sa_modi_nonoise_look,29,4,2,13,3,Novel24.jpg,Novel17.jpg,modi,left,Novel17.jpg,Novel24.jpg,look,straight_ahead,NA,exposure,straight_ahead,olivia,gaze_nogaze_gr_ol,3,yes,modi,novel,none,straight_ahead,no_noise,look,2,29,4,11,4,28,5,16,5,16,NA,NA,NA,NA,0,7,16,Composite,child
4c3c8c000074fc8d2abf45ced3a9f4c9_1920x1080,ol_sa_modi_nonoise_look,30,4,2,14,3,Novel13.jpg,Novel24.jpg,modi,right,Novel13.jpg,Novel24.jpg,look,straight_ahead,NA,test,straight_ahead,olivia,gaze_nogaze_gr_ol,3,yes,modi,novel,none,straight_ahead,no_noise,look,2,29,4,11,4,28,5,16,5,16,NA,NA,NA,NA,0,7,16,Composite,adult
4c3c8c000074fc8d2abf45ced3a9f4c9_1920x1080,ol_sa_modi_nonoise_look,30,4,2,14,3,Novel13.jpg,Novel24.jpg,modi,right,Novel13.jpg,Novel24.jpg,look,straight_ahead,NA,test,straight_ahead,olivia,gaze_nogaze_gr_ol,3,yes,modi,novel,none,straight_ahead,no_noise,look,2,29,4,11,4,28,5,16,5,16,NA,NA,NA,NA,0,7,16,Composite,child
3e7c0f88da2dac69d55465efcfc00043_1920x1080,ol_sa_modi_nonoise_hey,31,4,2,15,4,Novel16.jpg,Novel24.jpg,modi,right,Novel16.jpg,Novel24.jpg,hey,straight_ahead,NA,exposure,straight_ahead,olivia,gaze_nogaze_gr_ol,3,yes,modi,novel,none,straight_ahead,no_noise,hey,2,26,4,3,5,1,5,19,5,19,NA,NA,NA,NA,0,7,20,Composite,adult
3e7c0f88da2dac69d55465efcfc00043_1920x1080,ol_sa_modi_nonoise_hey,31,4,2,15,4,Novel16.jpg,Novel24.jpg,modi,right,Novel16.jpg,Novel24.jpg,hey,straight_ahead,NA,exposure,straight_ahead,olivia,gaze_nogaze_gr_ol,3,yes,modi,novel,none,straight_ahead,no_noise,hey,2,26,4,3,5,1,5,19,5,19,NA,NA,NA,NA,0,7,20,Composite,child
16cff7f75181dc6b16dec0c5cf940d28_1920x1080,ol_sa_modi_nonoise_look,32,4,2,16,4,Novel18.jpg,Novel24.jpg,modi,right,Novel18.jpg,Novel24.jpg,look,straight_ahead,NA,test,straight_ahead,olivia,gaze_nogaze_gr_ol,3,yes,modi,novel,none,straight_ahead,no_noise,look,2,29,4,11,4,28,5,16,5,16,NA,NA,NA,NA,0,7,16,Composite,adult
16cff7f75181dc6b16dec0c5cf940d28_1920x1080,ol_sa_modi_nonoise_look,32,4,2,16,4,Novel18.jpg,Novel24.jpg,modi,right,Novel18.jpg,Novel24.jpg,look,straight_ahead,NA,test,straight_ahead,olivia,gaze_nogaze_gr_ol,3,yes,modi,novel,none,straight_ahead,no_noise,look,2,29,4,11,4,28,5,16,5,16,NA,NA,NA,NA,0,7,16,Composite,child
7dfb1d72597ea3a1e7945e55dd7e7b63_1920x1080,ol_dl_pifo_nonoise_look,1,1,1,1,1,Novel24.jpg,Novel14.jpg,pifo,left,Novel14.jpg,Novel24.jpg,look,left,pifo,exposure,gaze,olivia,gaze_nogaze_ol_gr,4,yes,pifo,novel,none,down_left,no_noise,look,3,15,4,25,5,18,6,10,6,10,6,11,8,21,0,11,6,Composite,adult
7dfb1d72597ea3a1e7945e55dd7e7b63_1920x1080,ol_dl_pifo_nonoise_look,1,1,1,1,1,Novel24.jpg,Novel14.jpg,pifo,left,Novel14.jpg,Novel24.jpg,look,left,pifo,exposure,gaze,olivia,gaze_nogaze_ol_gr,4,yes,pifo,novel,none,down_left,no_noise,look,3,15,4,25,5,18,6,10,6,10,6,11,8,21,0,11,6,Composite,child
03f438f88a00afd49a48ba8191d6c3b0_1920x1080,ol_sa_pifo_nonoise_hey,2,1,1,2,1,Novel23.jpg,Novel24.jpg,pifo,right,Novel23.jpg,Novel24.jpg,hey,straight_ahead,NA,test,gaze,olivia,gaze_nogaze_ol_gr,4,yes,pifo,novel,none,straight_ahead,noise,hey,2,29,4,7,5,4,5,24,5,24,NA,NA,NA,NA,0,8,24,Composite,adult
03f438f88a00afd49a48ba8191d6c3b0_1920x1080,ol_sa_pifo_nonoise_hey,2,1,1,2,1,Novel23.jpg,Novel24.jpg,pifo,right,Novel23.jpg,Novel24.jpg,hey,straight_ahead,NA,test,gaze,olivia,gaze_nogaze_ol_gr,4,yes,pifo,novel,none,straight_ahead,noise,hey,2,29,4,7,5,4,5,24,5,24,NA,NA,NA,NA,0,8,24,Composite,child
bd4b282096c46006d7cec21927e5ba09_1920x1080,ol_dr_pifo_nonoise_hey,3,1,1,3,2,Novel27.jpg,Novel24.jpg,pifo,right,Novel27.jpg,Novel24.jpg,hey,right,pifo,exposure,gaze,olivia,gaze_nogaze_ol_gr,4,yes,pifo,novel,none,down_right,no_noise,hey,3,15,4,27,5,27,6,16,6,16,6,26,9,8,0,11,22,Composite,adult
bd4b282096c46006d7cec21927e5ba09_1920x1080,ol_dr_pifo_nonoise_hey,3,1,1,3,2,Novel27.jpg,Novel24.jpg,pifo,right,Novel27.jpg,Novel24.jpg,hey,right,pifo,exposure,gaze,olivia,gaze_nogaze_ol_gr,4,yes,pifo,novel,none,down_right,no_noise,hey,3,15,4,27,5,27,6,16,6,16,6,26,9,8,0,11,22,Composite,child
e8369a5f799f06dd10ee8c1f0a199666_1920x1080,ol_sa_pifo_nonoise_look,4,1,1,4,2,Novel24.jpg,Novel5.jpg,pifo,left,Novel5.jpg,Novel24.jpg,look,straight_ahead,NA,test,gaze,olivia,gaze_nogaze_ol_gr,4,yes,pifo,novel,none,straight_ahead,no_noise,look,3,18,5,0,5,19,6,10,6,10,NA,NA,NA,NA,0,8,11,Composite,adult
e8369a5f799f06dd10ee8c1f0a199666_1920x1080,ol_sa_pifo_nonoise_look,4,1,1,4,2,Novel24.jpg,Novel5.jpg,pifo,left,Novel5.jpg,Novel24.jpg,look,straight_ahead,NA,test,gaze,olivia,gaze_nogaze_ol_gr,4,yes,pifo,novel,none,straight_ahead,no_noise,look,3,18,5,0,5,19,6,10,6,10,NA,NA,NA,NA,0,8,11,Composite,child
3318a5ebacb086a2213063e8028d4d95_1920x1080,ol_dr_pifo_nonoise_hey,5,1,1,5,3,Novel15.jpg,Novel24.jpg,pifo,right,Novel15.jpg,Novel24.jpg,hey,right,pifo,exposure,gaze,olivia,gaze_nogaze_ol_gr,4,yes,pifo,novel,none,down_right,no_noise,hey,3,15,4,27,5,27,6,16,6,16,6,26,9,8,0,11,22,Composite,adult
3318a5ebacb086a2213063e8028d4d95_1920x1080,ol_dr_pifo_nonoise_hey,5,1,1,5,3,Novel15.jpg,Novel24.jpg,pifo,right,Novel15.jpg,Novel24.jpg,hey,right,pifo,exposure,gaze,olivia,gaze_nogaze_ol_gr,4,yes,pifo,novel,none,down_right,no_noise,hey,3,15,4,27,5,27,6,16,6,16,6,26,9,8,0,11,22,Composite,child
ed0d41586730728879a055597a2ec2b8_1920x1080,ol_sa_pifo_nonoise_look,6,1,1,6,3,Novel7.jpg,Novel24.jpg,pifo,right,Novel7.jpg,Novel24.jpg,look,straight_ahead,NA,test,gaze,olivia,gaze_nogaze_ol_gr,4,yes,pifo,novel,none,straight_ahead,no_noise,look,3,18,5,0,5,19,6,10,6,10,NA,NA,NA,NA,0,8,11,Composite,adult
ed0d41586730728879a055597a2ec2b8_1920x1080,ol_sa_pifo_nonoise_look,6,1,1,6,3,Novel7.jpg,Novel24.jpg,pifo,right,Novel7.jpg,Novel24.jpg,look,straight_ahead,NA,test,gaze,olivia,gaze_nogaze_ol_gr,4,yes,pifo,novel,none,straight_ahead,no_noise,look,3,18,5,0,5,19,6,10,6,10,NA,NA,NA,NA,0,8,11,Composite,child
717ba1f627b0d9129668adbb9fabc291_1920x1080,ol_dl_pifo_nonoise_look,7,1,1,7,4,Novel24.jpg,Novel22.jpg,pifo,left,Novel22.jpg,Novel24.jpg,look,left,pifo,exposure,gaze,olivia,gaze_nogaze_ol_gr,4,yes,pifo,novel,none,down_left,no_noise,look,3,15,4,25,5,18,6,10,6,10,6,11,8,21,0,11,6,Composite,adult
717ba1f627b0d9129668adbb9fabc291_1920x1080,ol_dl_pifo_nonoise_look,7,1,1,7,4,Novel24.jpg,Novel22.jpg,pifo,left,Novel22.jpg,Novel24.jpg,look,left,pifo,exposure,gaze,olivia,gaze_nogaze_ol_gr,4,yes,pifo,novel,none,down_left,no_noise,look,3,15,4,25,5,18,6,10,6,10,6,11,8,21,0,11,6,Composite,child
e4ff5bb1293f1b9b84e7def037193bec_1920x1080,ol_sa_pifo_nonoise_hey,8,1,1,8,4,Novel24.jpg,Novel3.jpg,pifo,left,Novel3.jpg,Novel24.jpg,hey,straight_ahead,NA,test,gaze,olivia,gaze_nogaze_ol_gr,4,yes,pifo,novel,none,straight_ahead,noise,hey,2,29,4,7,5,4,5,24,5,24,NA,NA,NA,NA,0,8,24,Composite,adult
e4ff5bb1293f1b9b84e7def037193bec_1920x1080,ol_sa_pifo_nonoise_hey,8,1,1,8,4,Novel24.jpg,Novel3.jpg,pifo,left,Novel3.jpg,Novel24.jpg,hey,straight_ahead,NA,test,gaze,olivia,gaze_nogaze_ol_gr,4,yes,pifo,novel,none,straight_ahead,noise,hey,2,29,4,7,5,4,5,24,5,24,NA,NA,NA,NA,0,8,24,Composite,child
2b81f6dbce406b7ff51d317f15ba07fb_1920x1080,ol_dl_toma_nonoise_look,9,2,1,9,1,Novel19.jpg,Novel10.jpg,toma,left,Novel10.jpg,Novel19.jpg,look,left,toma,exposure,gaze,olivia,gaze_nogaze_ol_gr,4,yes,toma,novel,none,down_left,no_noise,look,3,9,4,24,5,14,6,4,6,4,6,10,8,16,0,10,29,Composite,adult
2b81f6dbce406b7ff51d317f15ba07fb_1920x1080,ol_dl_toma_nonoise_look,9,2,1,9,1,Novel19.jpg,Novel10.jpg,toma,left,Novel10.jpg,Novel19.jpg,look,left,toma,exposure,gaze,olivia,gaze_nogaze_ol_gr,4,yes,toma,novel,none,down_left,no_noise,look,3,9,4,24,5,14,6,4,6,4,6,10,8,16,0,10,29,Composite,child
fea73ddebacab162c1dd6ab2c037be32_1920x1080,ol_sa_toma_nonoise_hey,10,2,1,10,1,Novel6.jpg,Novel19.jpg,toma,right,Novel6.jpg,Novel19.jpg,hey,straight_ahead,NA,test,gaze,olivia,gaze_nogaze_ol_gr,4,yes,toma,novel,none,straight_ahead,no_noise,hey,3,1,4,8,5,10,5,28,5,28,NA,NA,NA,NA,0,9,13,Composite,adult
fea73ddebacab162c1dd6ab2c037be32_1920x1080,ol_sa_toma_nonoise_hey,10,2,1,10,1,Novel6.jpg,Novel19.jpg,toma,right,Novel6.jpg,Novel19.jpg,hey,straight_ahead,NA,test,gaze,olivia,gaze_nogaze_ol_gr,4,yes,toma,novel,none,straight_ahead,no_noise,hey,3,1,4,8,5,10,5,28,5,28,NA,NA,NA,NA,0,9,13,Composite,child
a490e7a40e288b9bc01054fe98164981_1920x1080,ol_dr_toma_nonoise_hey,11,2,1,11,2,Novel9.jpg,Novel19.jpg,toma,right,Novel9.jpg,Novel19.jpg,hey,right,toma,exposure,gaze,olivia,gaze_nogaze_ol_gr,4,yes,toma,novel,none,down_right,no_noise,hey,3,2,4,12,5,13,6,3,6,3,6,13,8,19,0,11,13,Composite,adult
a490e7a40e288b9bc01054fe98164981_1920x1080,ol_dr_toma_nonoise_hey,11,2,1,11,2,Novel9.jpg,Novel19.jpg,toma,right,Novel9.jpg,Novel19.jpg,hey,right,toma,exposure,gaze,olivia,gaze_nogaze_ol_gr,4,yes,toma,novel,none,down_right,no_noise,hey,3,2,4,12,5,13,6,3,6,3,6,13,8,19,0,11,13,Composite,child
12e2c34cfbbecb10e50928d535f4a0ee_1920x1080,ol_sa_toma_nonoise_look,12,2,1,12,2,Novel19.jpg,Novel17.jpg,toma,left,Novel17.jpg,Novel19.jpg,look,straight_ahead,NA,test,gaze,olivia,gaze_nogaze_ol_gr,4,yes,toma,novel,none,straight_ahead,no_noise,look,3,3,4,11,5,4,5,23,5,23,NA,NA,NA,NA,0,8,24,Composite,adult
12e2c34cfbbecb10e50928d535f4a0ee_1920x1080,ol_sa_toma_nonoise_look,12,2,1,12,2,Novel19.jpg,Novel17.jpg,toma,left,Novel17.jpg,Novel19.jpg,look,straight_ahead,NA,test,gaze,olivia,gaze_nogaze_ol_gr,4,yes,toma,novel,none,straight_ahead,no_noise,look,3,3,4,11,5,4,5,23,5,23,NA,NA,NA,NA,0,8,24,Composite,child
a893ab3d7a50c62ba6ce05afd8ae31ca_1920x1080,ol_dr_toma_nonoise_hey,13,2,1,13,3,Novel11.jpg,Novel19.jpg,toma,right,Novel11.jpg,Novel19.jpg,hey,right,toma,exposure,gaze,olivia,gaze_nogaze_ol_gr,4,yes,toma,novel,none,down_right,no_noise,hey,3,2,4,12,5,13,6,3,6,3,6,13,8,19,0,11,13,Composite,adult
a893ab3d7a50c62ba6ce05afd8ae31ca_1920x1080,ol_dr_toma_nonoise_hey,13,2,1,13,3,Novel11.jpg,Novel19.jpg,toma,right,Novel11.jpg,Novel19.jpg,hey,right,toma,exposure,gaze,olivia,gaze_nogaze_ol_gr,4,yes,toma,novel,none,down_right,no_noise,hey,3,2,4,12,5,13,6,3,6,3,6,13,8,19,0,11,13,Composite,child
300f26aad563c61fbd1211fb6d7fcdf0_1920x1080,ol_sa_toma_nonoise_look,14,2,1,14,3,Novel28.jpg,Novel19.jpg,toma,right,Novel28.jpg,Novel19.jpg,look,straight_ahead,NA,test,gaze,olivia,gaze_nogaze_ol_gr,4,yes,toma,novel,none,straight_ahead,no_noise,look,3,3,4,11,5,4,5,23,5,23,NA,NA,NA,NA,0,8,24,Composite,adult
300f26aad563c61fbd1211fb6d7fcdf0_1920x1080,ol_sa_toma_nonoise_look,14,2,1,14,3,Novel28.jpg,Novel19.jpg,toma,right,Novel28.jpg,Novel19.jpg,look,straight_ahead,NA,test,gaze,olivia,gaze_nogaze_ol_gr,4,yes,toma,novel,none,straight_ahead,no_noise,look,3,3,4,11,5,4,5,23,5,23,NA,NA,NA,NA,0,8,24,Composite,child
57864ba956f64e97bb2045a1ceef7f98_1920x1080,ol_dl_toma_nonoise_look,15,2,1,15,4,Novel19.jpg,Novel16.jpg,toma,left,Novel16.jpg,Novel19.jpg,look,left,toma,exposure,gaze,olivia,gaze_nogaze_ol_gr,4,yes,toma,novel,none,down_left,no_noise,look,3,9,4,24,5,14,6,4,6,4,6,10,8,16,0,10,29,Composite,adult
57864ba956f64e97bb2045a1ceef7f98_1920x1080,ol_dl_toma_nonoise_look,15,2,1,15,4,Novel19.jpg,Novel16.jpg,toma,left,Novel16.jpg,Novel19.jpg,look,left,toma,exposure,gaze,olivia,gaze_nogaze_ol_gr,4,yes,toma,novel,none,down_left,no_noise,look,3,9,4,24,5,14,6,4,6,4,6,10,8,16,0,10,29,Composite,child
f021e5c9d0eb3569ce9fbacbc2ee47d8_1920x1080,ol_sa_toma_nonoise_hey,16,2,1,16,4,Novel19.jpg,Novel13.jpg,toma,left,Novel13.jpg,Novel19.jpg,hey,straight_ahead,NA,test,gaze,olivia,gaze_nogaze_ol_gr,4,yes,toma,novel,none,straight_ahead,no_noise,hey,3,1,4,8,5,10,5,28,5,28,NA,NA,NA,NA,0,9,13,Composite,adult
f021e5c9d0eb3569ce9fbacbc2ee47d8_1920x1080,ol_sa_toma_nonoise_hey,16,2,1,16,4,Novel19.jpg,Novel13.jpg,toma,left,Novel13.jpg,Novel19.jpg,hey,straight_ahead,NA,test,gaze,olivia,gaze_nogaze_ol_gr,4,yes,toma,novel,none,straight_ahead,no_noise,hey,3,1,4,8,5,10,5,28,5,28,NA,NA,NA,NA,0,9,13,Composite,child
a6663180c30e9c578b9a72e8c446d8f3_1920x1080,gr_sa_bosa_nonoise_look,17,3,2,1,1,Novel12.jpg,Novel6.jpg,bosa,left,Novel6.jpg,Novel12.jpg,look,straight_ahead,NA,exposure,straight_ahead,grace,gaze_nogaze_ol_gr,4,yes,bosa,novel,none,straight_ahead,no_noise,look,3,2,4,13,5,5,5,22,5,22,NA,NA,NA,NA,0,7,22,Composite,adult
a6663180c30e9c578b9a72e8c446d8f3_1920x1080,gr_sa_bosa_nonoise_look,17,3,2,1,1,Novel12.jpg,Novel6.jpg,bosa,left,Novel6.jpg,Novel12.jpg,look,straight_ahead,NA,exposure,straight_ahead,grace,gaze_nogaze_ol_gr,4,yes,bosa,novel,none,straight_ahead,no_noise,look,3,2,4,13,5,5,5,22,5,22,NA,NA,NA,NA,0,7,22,Composite,child
cb36bb4065cef9a66c54c321d13c8105_1920x1080,gr_sa_bosa_nonoise_hey,18,3,2,2,1,Novel7.jpg,Novel12.jpg,bosa,right,Novel7.jpg,Novel12.jpg,hey,straight_ahead,NA,test,straight_ahead,grace,gaze_nogaze_ol_gr,4,yes,bosa,novel,none,straight_ahead,no_noise,hey,3,3,4,8,5,10,5,27,5,27,NA,NA,NA,NA,0,7,27,Composite,adult
cb36bb4065cef9a66c54c321d13c8105_1920x1080,gr_sa_bosa_nonoise_hey,18,3,2,2,1,Novel7.jpg,Novel12.jpg,bosa,right,Novel7.jpg,Novel12.jpg,hey,straight_ahead,NA,test,straight_ahead,grace,gaze_nogaze_ol_gr,4,yes,bosa,novel,none,straight_ahead,no_noise,hey,3,3,4,8,5,10,5,27,5,27,NA,NA,NA,NA,0,7,27,Composite,child
5cf132574735912cd47a7ceb1e4f4699_1920x1080,gr_sa_bosa_nonoise_hey,19,3,2,3,2,Novel5.jpg,Novel12.jpg,bosa,right,Novel5.jpg,Novel12.jpg,hey,straight_ahead,NA,exposure,straight_ahead,grace,gaze_nogaze_ol_gr,4,yes,bosa,novel,none,straight_ahead,no_noise,hey,3,3,4,8,5,10,5,27,5,27,NA,NA,NA,NA,0,7,27,Composite,adult
5cf132574735912cd47a7ceb1e4f4699_1920x1080,gr_sa_bosa_nonoise_hey,19,3,2,3,2,Novel5.jpg,Novel12.jpg,bosa,right,Novel5.jpg,Novel12.jpg,hey,straight_ahead,NA,exposure,straight_ahead,grace,gaze_nogaze_ol_gr,4,yes,bosa,novel,none,straight_ahead,no_noise,hey,3,3,4,8,5,10,5,27,5,27,NA,NA,NA,NA,0,7,27,Composite,child
e3790676867cc35c6215099b785be5ff_1920x1080,gr_sa_bosa_nonoise_look,20,3,2,4,2,Novel12.jpg,Novel1.jpg,bosa,left,Novel1.jpg,Novel12.jpg,look,straight_ahead,NA,test,straight_ahead,grace,gaze_nogaze_ol_gr,4,yes,bosa,novel,none,straight_ahead,no_noise,look,3,2,4,13,5,5,5,22,5,22,NA,NA,NA,NA,0,7,22,Composite,adult
e3790676867cc35c6215099b785be5ff_1920x1080,gr_sa_bosa_nonoise_look,20,3,2,4,2,Novel12.jpg,Novel1.jpg,bosa,left,Novel1.jpg,Novel12.jpg,look,straight_ahead,NA,test,straight_ahead,grace,gaze_nogaze_ol_gr,4,yes,bosa,novel,none,straight_ahead,no_noise,look,3,2,4,13,5,5,5,22,5,22,NA,NA,NA,NA,0,7,22,Composite,child
ccfd578d698a0aef0bc8b8a3227907aa_1920x1080,gr_sa_bosa_nonoise_hey,21,3,2,5,3,Novel27.jpg,Novel12.jpg,bosa,right,Novel27.jpg,Novel12.jpg,hey,straight_ahead,NA,exposure,straight_ahead,grace,gaze_nogaze_ol_gr,4,yes,bosa,novel,none,straight_ahead,no_noise,hey,3,3,4,8,5,10,5,27,5,27,NA,NA,NA,NA,0,7,27,Composite,adult
ccfd578d698a0aef0bc8b8a3227907aa_1920x1080,gr_sa_bosa_nonoise_hey,21,3,2,5,3,Novel27.jpg,Novel12.jpg,bosa,right,Novel27.jpg,Novel12.jpg,hey,straight_ahead,NA,exposure,straight_ahead,grace,gaze_nogaze_ol_gr,4,yes,bosa,novel,none,straight_ahead,no_noise,hey,3,3,4,8,5,10,5,27,5,27,NA,NA,NA,NA,0,7,27,Composite,child
1df277cbb57189960b7c0d5847d7be42_1920x1080,gr_sa_bosa_nonoise_look,22,3,2,6,3,Novel14.jpg,Novel12.jpg,bosa,right,Novel14.jpg,Novel12.jpg,look,straight_ahead,NA,test,straight_ahead,grace,gaze_nogaze_ol_gr,4,yes,bosa,novel,none,straight_ahead,no_noise,look,3,2,4,13,5,5,5,22,5,22,NA,NA,NA,NA,0,7,22,Composite,adult
1df277cbb57189960b7c0d5847d7be42_1920x1080,gr_sa_bosa_nonoise_look,22,3,2,6,3,Novel14.jpg,Novel12.jpg,bosa,right,Novel14.jpg,Novel12.jpg,look,straight_ahead,NA,test,straight_ahead,grace,gaze_nogaze_ol_gr,4,yes,bosa,novel,none,straight_ahead,no_noise,look,3,2,4,13,5,5,5,22,5,22,NA,NA,NA,NA,0,7,22,Composite,child
96d8451d047a826632d9537d4ec9ec80_1920x1080,gr_sa_bosa_nonoise_look,23,3,2,7,4,Novel12.jpg,Novel15.jpg,bosa,left,Novel15.jpg,Novel12.jpg,look,straight_ahead,NA,exposure,straight_ahead,grace,gaze_nogaze_ol_gr,4,yes,bosa,novel,none,straight_ahead,no_noise,look,3,2,4,13,5,5,5,22,5,22,NA,NA,NA,NA,0,7,22,Composite,adult
96d8451d047a826632d9537d4ec9ec80_1920x1080,gr_sa_bosa_nonoise_look,23,3,2,7,4,Novel12.jpg,Novel15.jpg,bosa,left,Novel15.jpg,Novel12.jpg,look,straight_ahead,NA,exposure,straight_ahead,grace,gaze_nogaze_ol_gr,4,yes,bosa,novel,none,straight_ahead,no_noise,look,3,2,4,13,5,5,5,22,5,22,NA,NA,NA,NA,0,7,22,Composite,child
e6d6b6156de07c7fb0a9dcc4eae3f308_1920x1080,gr_sa_bosa_nonoise_hey,24,3,2,8,4,Novel12.jpg,Novel4.jpg,bosa,left,Novel4.jpg,Novel12.jpg,hey,straight_ahead,NA,test,straight_ahead,grace,gaze_nogaze_ol_gr,4,yes,bosa,novel,none,straight_ahead,no_noise,hey,3,3,4,8,5,10,5,27,5,27,NA,NA,NA,NA,0,7,27,Composite,adult
e6d6b6156de07c7fb0a9dcc4eae3f308_1920x1080,gr_sa_bosa_nonoise_hey,24,3,2,8,4,Novel12.jpg,Novel4.jpg,bosa,left,Novel4.jpg,Novel12.jpg,hey,straight_ahead,NA,test,straight_ahead,grace,gaze_nogaze_ol_gr,4,yes,bosa,novel,none,straight_ahead,no_noise,hey,3,3,4,8,5,10,5,27,5,27,NA,NA,NA,NA,0,7,27,Composite,child
a9d74b4d697ac943fdb9662bccc87bd1_1920x1080,gr_sa_modi_nonoise_look,25,4,2,9,1,Novel18.jpg,Novel22.jpg,modi,left,Novel22.jpg,Novel18.jpg,look,straight_ahead,NA,exposure,straight_ahead,grace,gaze_nogaze_ol_gr,4,yes,modi,novel,none,straight_ahead,no_noise,look,3,23,5,1,5,21,6,5,6,5,NA,NA,NA,NA,0,8,6,Composite,adult
a9d74b4d697ac943fdb9662bccc87bd1_1920x1080,gr_sa_modi_nonoise_look,25,4,2,9,1,Novel18.jpg,Novel22.jpg,modi,left,Novel22.jpg,Novel18.jpg,look,straight_ahead,NA,exposure,straight_ahead,grace,gaze_nogaze_ol_gr,4,yes,modi,novel,none,straight_ahead,no_noise,look,3,23,5,1,5,21,6,5,6,5,NA,NA,NA,NA,0,8,6,Composite,child
67f22ef2f53cdd45406fb43a588de6b3_1920x1080,gr_sa_modi_nonoise_hey,26,4,2,10,1,Novel23.jpg,Novel18.jpg,modi,right,Novel23.jpg,Novel18.jpg,hey,straight_ahead,NA,test,straight_ahead,grace,gaze_nogaze_ol_gr,4,yes,modi,novel,none,straight_ahead,no_noise,hey,2,29,3,25,4,24,5,10,5,10,NA,NA,NA,NA,0,7,10,Composite,adult
67f22ef2f53cdd45406fb43a588de6b3_1920x1080,gr_sa_modi_nonoise_hey,26,4,2,10,1,Novel23.jpg,Novel18.jpg,modi,right,Novel23.jpg,Novel18.jpg,hey,straight_ahead,NA,test,straight_ahead,grace,gaze_nogaze_ol_gr,4,yes,modi,novel,none,straight_ahead,no_noise,hey,2,29,3,25,4,24,5,10,5,10,NA,NA,NA,NA,0,7,10,Composite,child
46b21f34e4834b5f111868b2850c3478_1920x1080,gr_sa_modi_nonoise_hey,27,4,2,11,2,Novel10.jpg,Novel18.jpg,modi,right,Novel10.jpg,Novel18.jpg,hey,straight_ahead,NA,exposure,straight_ahead,grace,gaze_nogaze_ol_gr,4,yes,modi,novel,none,straight_ahead,no_noise,hey,2,29,3,25,4,24,5,10,5,10,NA,NA,NA,NA,0,7,10,Composite,adult
46b21f34e4834b5f111868b2850c3478_1920x1080,gr_sa_modi_nonoise_hey,27,4,2,11,2,Novel10.jpg,Novel18.jpg,modi,right,Novel10.jpg,Novel18.jpg,hey,straight_ahead,NA,exposure,straight_ahead,grace,gaze_nogaze_ol_gr,4,yes,modi,novel,none,straight_ahead,no_noise,hey,2,29,3,25,4,24,5,10,5,10,NA,NA,NA,NA,0,7,10,Composite,child
0de6a4555e53ed8af943a53895ad40c4_1920x1080,gr_sa_modi_nonoise_look,28,4,2,12,2,Novel18.jpg,Novel17.jpg,modi,left,Novel17.jpg,Novel18.jpg,look,straight_ahead,NA,test,straight_ahead,grace,gaze_nogaze_ol_gr,4,yes,modi,novel,none,straight_ahead,no_noise,look,3,23,5,1,5,21,6,5,6,5,NA,NA,NA,NA,0,8,6,Composite,adult
0de6a4555e53ed8af943a53895ad40c4_1920x1080,gr_sa_modi_nonoise_look,28,4,2,12,2,Novel18.jpg,Novel17.jpg,modi,left,Novel17.jpg,Novel18.jpg,look,straight_ahead,NA,test,straight_ahead,grace,gaze_nogaze_ol_gr,4,yes,modi,novel,none,straight_ahead,no_noise,look,3,23,5,1,5,21,6,5,6,5,NA,NA,NA,NA,0,8,6,Composite,child
5dd4c6c7bd652decb44fcb5977b81521_1920x1080,gr_sa_modi_nonoise_hey,29,4,2,13,3,Novel26.jpg,Novel18.jpg,modi,right,Novel26.jpg,Novel18.jpg,hey,straight_ahead,NA,exposure,straight_ahead,grace,gaze_nogaze_ol_gr,4,yes,modi,novel,none,straight_ahead,no_noise,hey,2,29,3,25,4,24,5,10,5,10,NA,NA,NA,NA,0,7,10,Composite,adult
5dd4c6c7bd652decb44fcb5977b81521_1920x1080,gr_sa_modi_nonoise_hey,29,4,2,13,3,Novel26.jpg,Novel18.jpg,modi,right,Novel26.jpg,Novel18.jpg,hey,straight_ahead,NA,exposure,straight_ahead,grace,gaze_nogaze_ol_gr,4,yes,modi,novel,none,straight_ahead,no_noise,hey,2,29,3,25,4,24,5,10,5,10,NA,NA,NA,NA,0,7,10,Composite,child
62c38068be2bb7f81fc1fb52f7e68452_1920x1080,gr_sa_modi_nonoise_look,30,4,2,14,3,Novel11.jpg,Novel18.jpg,modi,right,Novel11.jpg,Novel18.jpg,look,straight_ahead,NA,test,straight_ahead,grace,gaze_nogaze_ol_gr,4,yes,modi,novel,none,straight_ahead,no_noise,look,3,23,5,1,5,21,6,5,6,5,NA,NA,NA,NA,0,8,6,Composite,adult
62c38068be2bb7f81fc1fb52f7e68452_1920x1080,gr_sa_modi_nonoise_look,30,4,2,14,3,Novel11.jpg,Novel18.jpg,modi,right,Novel11.jpg,Novel18.jpg,look,straight_ahead,NA,test,straight_ahead,grace,gaze_nogaze_ol_gr,4,yes,modi,novel,none,straight_ahead,no_noise,look,3,23,5,1,5,21,6,5,6,5,NA,NA,NA,NA,0,8,6,Composite,child
ccc672b02bb3a427c08c50976bb1521f_1920x1080,gr_sa_modi_nonoise_look,31,4,2,15,4,Novel18.jpg,Novel9.jpg,modi,left,Novel9.jpg,Novel18.jpg,look,straight_ahead,NA,exposure,straight_ahead,grace,gaze_nogaze_ol_gr,4,yes,modi,novel,none,straight_ahead,no_noise,look,3,23,5,1,5,21,6,5,6,5,NA,NA,NA,NA,0,8,6,Composite,adult
ccc672b02bb3a427c08c50976bb1521f_1920x1080,gr_sa_modi_nonoise_look,31,4,2,15,4,Novel18.jpg,Novel9.jpg,modi,left,Novel9.jpg,Novel18.jpg,look,straight_ahead,NA,exposure,straight_ahead,grace,gaze_nogaze_ol_gr,4,yes,modi,novel,none,straight_ahead,no_noise,look,3,23,5,1,5,21,6,5,6,5,NA,NA,NA,NA,0,8,6,Composite,child
c835a2c67db27d7c5fe76b7cf3644b34_1920x1080,gr_sa_modi_nonoise_hey,32,4,2,16,4,Novel18.jpg,Novel2.jpg,modi,left,Novel2.jpg,Novel18.jpg,hey,straight_ahead,NA,test,straight_ahead,grace,gaze_nogaze_ol_gr,4,yes,modi,novel,none,straight_ahead,no_noise,hey,2,29,3,25,4,24,5,10,5,10,NA,NA,NA,NA,0,7,10,Composite,adult
c835a2c67db27d7c5fe76b7cf3644b34_1920x1080,gr_sa_modi_nonoise_hey,32,4,2,16,4,Novel18.jpg,Novel2.jpg,modi,left,Novel2.jpg,Novel18.jpg,hey,straight_ahead,NA,test,straight_ahead,grace,gaze_nogaze_ol_gr,4,yes,modi,novel,none,straight_ahead,no_noise,hey,2,29,3,25,4,24,5,10,5,10,NA,NA,NA,NA,0,7,10,Composite,child
